,sfs,kapitel i OSL,paragraf i OSL,sekretess,kategori,antal år sekretessen gäller,kommentar,sdate,pre,prop,eu,prop_link,text_length,pages,sfs_url
0,2018:2027,30,6b,,EU,50,anpassad efter ny EU-förordning,2019-01-01,"Prop. 2018/19:4, bet. 2018/19:FiU18, rskr. 2018/19:53",['2018/19:4'],False,['http://data.riksdagen.se/fil/18611FA9-944C-4E55-931F-D6CD3ECCB845'],1384,1,https://svenskforfattningssamling.se/sites/default/files/sfs/2018-12/SFS2018-2027.pdf
1,2018:2033,27,2,ökad,,20,,2019-01-01,"Prop. 2018/19:9, bet. 2018/19:SkU5, rskr. 2018/19:60",['2018/19:9'],False,['http://data.riksdagen.se/fil/79B5196F-B302-47F6-A2F3-50EF45B635D2'],1802,1,https://svenskforfattningssamling.se/sites/default/files/sfs/2018-12/SFS2018-2033.pdf
2,2018:2093,30,20,ökad,,50,,2019-07-01,"Prop. 2017/18:156, bet. 2018/19:SoU3, rskr. 2018/19:61",['2017/18:156'],False,['http://data.riksdagen.se/fil/002CE9FE-3596-478E-9A65-FE596FC7C978'],1116,1,https://svenskforfattningssamling.se/sites/default/files/sfs/2018-12/SFS2018-2093.pdf
3,2019:213,40,7c,,överföring av sekretess,,,2019-06-01,"Prop. 2018/19:47, bet. 2018/19:KU35, rskr. 2018/19:185",['2018/19:47'],False,['http://data.riksdagen.se/fil/5116B212-B049-4883-80FC-8BF8A3AAF30C'],863,1,https://svenskforfattningssamling.se/sites/default/files/sfs/2019-04/SFS2019-213.pdf
4,2019:249,43,4,ökad,,70,,2019-07-01,"Prop. 2018/19:66, bet. 2018/19:JuU22, rskr. 2018/19:195",['2018/19:66'],False,['http://data.riksdagen.se/fil/F91B34CD-1527-4359-9783-59F68F397DB3'],813,1,https://svenskforfattningssamling.se/sites/default/files/sfs/2019-05/SFS2019-249.pdf
5,2019:280,30,6,ökad,EU,20,,2019-06-01,"Prop. 2018/19:38, bet. 2018/19:FiU37, rskr. 2018/19:200",['2018/19:38'],False,['http://data.riksdagen.se/fil/56FCE182-92B2-408B-AE0A-13500364822B'],1740,1,https://svenskforfattningssamling.se/sites/default/files/sfs/2019-05/SFS2019-280.pdf
6,2019:305,18,8a,ökad,,40,"meddelarfrihet gäller, enligt ändringen i §19",2019-07-01,"Prop. 2018/19:81, bet. 2018/19:JuU23, rskr. 2018/19:227",['2018/19:81'],False,['http://data.riksdagen.se/fil/7DB97835-80D8-4756-97C9-A6ABC3C0657E'],2937,2,https://svenskforfattningssamling.se/sites/default/files/sfs/2019-05/SFS2019-305.pdf
7,2019:305,18,8b,,,,,2019-07-01,"Prop. 2018/19:81, bet. 2018/19:JuU23, rskr. 2018/19:227",['2018/19:81'],False,['http://data.riksdagen.se/fil/7DB97835-80D8-4756-97C9-A6ABC3C0657E'],2937,2,https://svenskforfattningssamling.se/sites/default/files/sfs/2019-05/SFS2019-305.pdf
8,2019:305,18,8c,,,,,2019-07-01,"Prop. 2018/19:81, bet. 2018/19:JuU23, rskr. 2018/19:227",['2018/19:81'],False,['http://data.riksdagen.se/fil/7DB97835-80D8-4756-97C9-A6ABC3C0657E'],2937,2,https://svenskforfattningssamling.se/sites/default/files/sfs/2019-05/SFS2019-305.pdf
9,2019:305,18,19,,,,,2019-07-01,"Prop. 2018/19:81, bet. 2018/19:JuU23, rskr. 2018/19:227",['2018/19:81'],False,['http://data.riksdagen.se/fil/7DB97835-80D8-4756-97C9-A6ABC3C0657E'],2937,2,https://svenskforfattningssamling.se/sites/default/files/sfs/2019-05/SFS2019-305.pdf
10,2019:311,26,12,ökad,,70,,2019-07-01,"Prop. 2018/19:61, bet. 2018/19:KU36, rskr. 2018/19:226",['2018/19:61'],False,['http://data.riksdagen.se/fil/A031FB4F-B951-4BBD-95E3-8E27F0C7D13B'],1414,1,https://svenskforfattningssamling.se/sites/default/files/sfs/2019-05/SFS2019-311.pdf
11,2019:311,44,3,,,,,2019-07-01,"Prop. 2018/19:61, bet. 2018/19:KU36, rskr. 2018/19:226",['2018/19:61'],False,['http://data.riksdagen.se/fil/A031FB4F-B951-4BBD-95E3-8E27F0C7D13B'],1414,1,https://svenskforfattningssamling.se/sites/default/files/sfs/2019-05/SFS2019-311.pdf
12,2019:342,25,15,,,,,2019-07-01,"Prop. 2018/19:85, bet. 2018/19:SoU19, rskr. 2018/19:240",['2018/19:85'],False,['http://data.riksdagen.se/fil/76D77F0C-2277-48C6-ADEA-C52CF1BA297E'],996,1,https://svenskforfattningssamling.se/sites/default/files/sfs/2019-05/SFS2019-342.pdf
13,2019:421,30,4b,ökad,EU,50,,2019-07-21,"Prop. 2018/19:83, bet. 2018/19:FiU40, rskr. 2018/19:237",['2018/19:83'],False,['http://data.riksdagen.se/fil/EF04D3F0-FB9C-4E54-A906-EA95A827C1A6'],2379,2,https://svenskforfattningssamling.se/sites/default/files/sfs/2019-06/SFS2019-421.pdf
14,2019:434,35,1,ökad,,70,,2019-06-30,"Prop. 2018/19:65, bet. 2018/19:JuU26, rskr. 2018/19:23",['2018/19:65'],False,['http://data.riksdagen.se/fil/1BFF92AC-911A-48C3-9EE5-45F7B9DF9D22'],3728,2,https://svenskforfattningssamling.se/sites/default/files/sfs/2019-06/SFS2019-434.pdf
15,2019:434,35,4,,,70,TODO: Kolla om ordet ”särskild” har någon betydelse!,2019-06-30,"Prop. 2018/19:65, bet. 2018/19:JuU26, rskr. 2018/19:23",['2018/19:65'],False,['http://data.riksdagen.se/fil/1BFF92AC-911A-48C3-9EE5-45F7B9DF9D22'],3728,2,https://svenskforfattningssamling.se/sites/default/files/sfs/2019-06/SFS2019-434.pdf
16,2019:506,11,3a,,,,TODO: kolla hur det såg ut innan den nya prövningsnämnden,2020-01-01,"Prop. 2018/19:58, bet. 2018/19:UbU21, rskr. 2018/19:273",['2018/19:58'],False,['http://data.riksdagen.se/fil/68E1A2BE-735F-4490-B0CF-03EF24783D65'],1764,1,https://svenskforfattningssamling.se/sites/default/files/sfs/2019-06/SFS2019-506.pdf
17,2019:506,24,7a,ökad,,70,en ny paragraf med två punkter,2020-01-01,"Prop. 2018/19:58, bet. 2018/19:UbU21, rskr. 2018/19:273",['2018/19:58'],False,['http://data.riksdagen.se/fil/68E1A2BE-735F-4490-B0CF-03EF24783D65'],1764,1,https://svenskforfattningssamling.se/sites/default/files/sfs/2019-06/SFS2019-506.pdf
18,2019:506,24,7a,ökad,,20,här kodad som två tillägg,2020-01-01,"Prop. 2018/19:58, bet. 2018/19:UbU21, rskr. 2018/19:273",['2018/19:58'],False,['http://data.riksdagen.se/fil/68E1A2BE-735F-4490-B0CF-03EF24783D65'],1764,1,https://svenskforfattningssamling.se/sites/default/files/sfs/2019-06/SFS2019-506.pdf
19,2019:607,30,16,ökad,,50,,2019-11-01,"Prop. 2018/19:125, bet. 2019/20:JuU2, rskr. 2019/20:1, direktiv (EU) 2015/849",['2018/19:125'],True,['http://data.riksdagen.se/fil/23234596-1A25-417F-A893-261C1D9C6F45'],1450,1,https://svenskforfattningssamling.se/sites/default/files/sfs/2019-10/SFS2019-607.pdf
20,2019:730,36,4,ökad,,20,,2020-01-01,"Prop. 2018/19:150, bet. 2019/20:FiU15, rskr. 2019/20:38, direktiv (EU) 2015/849",['2018/19:150'],True,['http://data.riksdagen.se/fil/EB04E862-4ADE-4E31-8DBE-49620A8846B8'],2032,1,https://svenskforfattningssamling.se/sites/default/files/sfs/2019-11/SFS2019-730.pdf
21,2019:763,30,5,ökad,,20,,2019-12-15,"Prop. 2018/19:158, bet. 2019/20:FiU12, rskr. 2019/20:27",['2018/19:158'],False,['http://data.riksdagen.se/fil/FD9B01DD-A24C-4096-BEC7-834AFC1EE135'],1478,1,https://svenskforfattningssamling.se/sites/default/files/sfs/2019-11/SFS2019-763.pdf
22,2019:826,30,4b,ökad,,50,,2019-12-15,"Prop. 2018/19:159, bet. 2019/20:FiU13, rskr. 2019/20:26, direktiv (EU) 2016/2341",['2018/19:159'],True,['http://data.riksdagen.se/fil/C9722587-1E00-42B3-910B-908E31010592'],2592,2,https://svenskforfattningssamling.se/sites/default/files/sfs/2019-11/SFS2019-826.pdf
23,2019:937,2,3,,,,landsting -> region,2020-01-01,"Prop. 2018/19:162, bet. 2019/20:KU3, rskr. 2019/20:48",['2018/19:162'],False,['http://data.riksdagen.se/fil/74AF7F5B-0183-4EC3-81A0-FC7A69B064C0'],11876,5,https://svenskforfattningssamling.se/sites/default/files/sfs/2019-11/SFS2019-937.pdf
24,2019:937,15,3,,,,,2020-01-01,"Prop. 2018/19:162, bet. 2019/20:KU3, rskr. 2019/20:48",['2018/19:162'],False,['http://data.riksdagen.se/fil/74AF7F5B-0183-4EC3-81A0-FC7A69B064C0'],11876,5,https://svenskforfattningssamling.se/sites/default/files/sfs/2019-11/SFS2019-937.pdf
25,2019:937,19,3,,,,,2020-01-01,"Prop. 2018/19:162, bet. 2019/20:KU3, rskr. 2019/20:48",['2018/19:162'],False,['http://data.riksdagen.se/fil/74AF7F5B-0183-4EC3-81A0-FC7A69B064C0'],11876,5,https://svenskforfattningssamling.se/sites/default/files/sfs/2019-11/SFS2019-937.pdf
26,2019:937,21,6,,,,,2020-01-01,"Prop. 2018/19:162, bet. 2019/20:KU3, rskr. 2019/20:48",['2018/19:162'],False,['http://data.riksdagen.se/fil/74AF7F5B-0183-4EC3-81A0-FC7A69B064C0'],11876,5,https://svenskforfattningssamling.se/sites/default/files/sfs/2019-11/SFS2019-937.pdf
27,2019:937,25,11,,,,,2020-01-01,"Prop. 2018/19:162, bet. 2019/20:KU3, rskr. 2019/20:48",['2018/19:162'],False,['http://data.riksdagen.se/fil/74AF7F5B-0183-4EC3-81A0-FC7A69B064C0'],11876,5,https://svenskforfattningssamling.se/sites/default/files/sfs/2019-11/SFS2019-937.pdf
28,2019:937,27,1,,,,,2020-01-01,"Prop. 2018/19:162, bet. 2019/20:KU3, rskr. 2019/20:48",['2018/19:162'],False,['http://data.riksdagen.se/fil/74AF7F5B-0183-4EC3-81A0-FC7A69B064C0'],11876,5,https://svenskforfattningssamling.se/sites/default/files/sfs/2019-11/SFS2019-937.pdf
29,2019:937,30,25,,,,,2020-01-01,"Prop. 2018/19:162, bet. 2019/20:KU3, rskr. 2019/20:48",['2018/19:162'],False,['http://data.riksdagen.se/fil/74AF7F5B-0183-4EC3-81A0-FC7A69B064C0'],11876,5,https://svenskforfattningssamling.se/sites/default/files/sfs/2019-11/SFS2019-937.pdf
30,2019:937,31,3,,,,,2020-01-01,"Prop. 2018/19:162, bet. 2019/20:KU3, rskr. 2019/20:48",['2018/19:162'],False,['http://data.riksdagen.se/fil/74AF7F5B-0183-4EC3-81A0-FC7A69B064C0'],11876,5,https://svenskforfattningssamling.se/sites/default/files/sfs/2019-11/SFS2019-937.pdf
31,2019:937,37,5,,,,,2020-01-01,"Prop. 2018/19:162, bet. 2019/20:KU3, rskr. 2019/20:48",['2018/19:162'],False,['http://data.riksdagen.se/fil/74AF7F5B-0183-4EC3-81A0-FC7A69B064C0'],11876,5,https://svenskforfattningssamling.se/sites/default/files/sfs/2019-11/SFS2019-937.pdf
32,2019:937,38,7,,,,,2020-01-01,"Prop. 2018/19:162, bet. 2019/20:KU3, rskr. 2019/20:48",['2018/19:162'],False,['http://data.riksdagen.se/fil/74AF7F5B-0183-4EC3-81A0-FC7A69B064C0'],11876,5,https://svenskforfattningssamling.se/sites/default/files/sfs/2019-11/SFS2019-937.pdf
33,2019:937,44,5,,,,,2020-01-01,"Prop. 2018/19:162, bet. 2019/20:KU3, rskr. 2019/20:48",['2018/19:162'],False,['http://data.riksdagen.se/fil/74AF7F5B-0183-4EC3-81A0-FC7A69B064C0'],11876,5,https://svenskforfattningssamling.se/sites/default/files/sfs/2019-11/SFS2019-937.pdf
34,2019:993,,,,,,landsting -> region,9,"Prop. 2018/19:162, bet. 2019/20:KU3, rskr. 2019/20:48",['2018/19:162'],False,['http://data.riksdagen.se/fil/74AF7F5B-0183-4EC3-81A0-FC7A69B064C0'],1381,1,https://svenskforfattningssamling.se/sites/default/files/sfs/2019-11/SFS2019-993.pdf
35,2019:1184,18,2,,,,OSL tar över sekretess från annan lag,2020-01-01,"Prop. 2018/19:163, bet. 2019/20:JuU9, rskr. 2019/20:44",['2018/19:163'],False,['http://data.riksdagen.se/fil/39BD8006-099E-43E7-8B37-9189954B277B'],5502,3,https://svenskforfattningssamling.se/sites/default/files/sfs/2019-11/SFS2019-1184.pdf
36,2019:1184,35,1,,,,OSL tar över sekretess från annan lag,2020-01-01,"Prop. 2018/19:163, bet. 2019/20:JuU9, rskr. 2019/20:44",['2018/19:163'],False,['http://data.riksdagen.se/fil/39BD8006-099E-43E7-8B37-9189954B277B'],5502,3,https://svenskforfattningssamling.se/sites/default/files/sfs/2019-11/SFS2019-1184.pdf
37,2019:1184,35,10,,,,OSL tar över sekretess från annan lag,2020-01-01,"Prop. 2018/19:163, bet. 2019/20:JuU9, rskr. 2019/20:44",['2018/19:163'],False,['http://data.riksdagen.se/fil/39BD8006-099E-43E7-8B37-9189954B277B'],5502,3,https://svenskforfattningssamling.se/sites/default/files/sfs/2019-11/SFS2019-1184.pdf
38,2019:1207,15,3a,,,,sekretessbrytande mellan myndigheter,2020-01-01,"Prop. 2019/20:15, bet. 2019/20:TU4, rskr. 2019/20:74",['2019/20:15'],False,['http://data.riksdagen.se/fil/778AFF80-13C9-4F76-8384-77B99408179D'],3563,2,https://svenskforfattningssamling.se/sites/default/files/sfs/2019-12/SFS2019-1207.pdf
39,2019:1207,17,4b,,,,sekretessbrytande mellan myndigheter,2020-01-01,"Prop. 2019/20:15, bet. 2019/20:TU4, rskr. 2019/20:74",['2019/20:15'],False,['http://data.riksdagen.se/fil/778AFF80-13C9-4F76-8384-77B99408179D'],3563,2,https://svenskforfattningssamling.se/sites/default/files/sfs/2019-12/SFS2019-1207.pdf
40,2019:1207,18,4a,,,,sekretessbrytande mellan myndigheter,2020-01-01,"Prop. 2019/20:15, bet. 2019/20:TU4, rskr. 2019/20:74",['2019/20:15'],False,['http://data.riksdagen.se/fil/778AFF80-13C9-4F76-8384-77B99408179D'],3563,2,https://svenskforfattningssamling.se/sites/default/files/sfs/2019-12/SFS2019-1207.pdf
41,2019:1207,19,3b,,,,sekretessbrytande mellan myndigheter,2020-01-01,"Prop. 2019/20:15, bet. 2019/20:TU4, rskr. 2019/20:74",['2019/20:15'],False,['http://data.riksdagen.se/fil/778AFF80-13C9-4F76-8384-77B99408179D'],3563,2,https://svenskforfattningssamling.se/sites/default/files/sfs/2019-12/SFS2019-1207.pdf
42,2020:66,18,19,ökad,meddelarfrihet,,inskränkning av meddelarfriheten,2020-04-01,"Prop. 2019/20:64, bet. 2019/20:JuU19, rskr. 2019/20:170",['2019/20:64'],False,['http://data.riksdagen.se/fil/15D8000B-E02E-4482-ADFC-576C81E7B1B2'],2944,2,https://svenskforfattningssamling.se/sites/default/files/sfs/2020-02/SFS2020-66.pdf
43,2020:66,44,5,ökad,meddelarfrihet,,inskränkning av meddelarfriheten,2020-04-01,"Prop. 2019/20:64, bet. 2019/20:JuU19, rskr. 2019/20:170",['2019/20:64'],False,['http://data.riksdagen.se/fil/15D8000B-E02E-4482-ADFC-576C81E7B1B2'],2944,2,https://svenskforfattningssamling.se/sites/default/files/sfs/2020-02/SFS2020-66.pdf
44,2020:109,39,5c,,,,riksrevisionsdirektör ny titel,2020-04-01,"Framst. 2019/20:RS5, bet. 2019/20:KU6, rskr. 2019/20:161",[],False,[],967,1,https://svenskforfattningssamling.se/sites/default/files/sfs/2020-03/SFS2020-109.pdf
45,2020:143,31,4,ökad,,20,AP-fondernas investeringsverksamhet,2020-05-01,"Prop. 2019/20:57, bet. 2019/20:FiU27, rskr. 2019/20:182",['2019/20:57'],False,['http://data.riksdagen.se/fil/C37128F3-0388-496D-85D7-E2F0E16F56EF'],976,1,https://svenskforfattningssamling.se/sites/default/files/sfs/2020-03/SFS2020-143.pdf
46,2020:182,31,5a,ökad,,20,,2020-05-01,"Prop. 2019/20:78, bet. 2019/20:FiU36, rskr. 2019/20:190",['2019/20:78'],False,['http://data.riksdagen.se/fil/C981DBB4-C769-423C-B57F-C562A9EA7F98'],1547,1,https://svenskforfattningssamling.se/sites/default/files/sfs/2020-04/SFS2020-182.pdf
47,2020:182,31,5a,,,,sekretessbrytande bestämmelse till föregående,2020-05-01,"Prop. 2019/20:78, bet. 2019/20:FiU36, rskr. 2019/20:190",['2019/20:78'],False,['http://data.riksdagen.se/fil/C981DBB4-C769-423C-B57F-C562A9EA7F98'],1547,1,https://svenskforfattningssamling.se/sites/default/files/sfs/2020-04/SFS2020-182.pdf
48,2020:277,21,3,ökad,,70,,2020-07-01,"Prop. 2019/20:95, bet. 2019/20:JuU15, rskr. 2019/20:232",['2019/20:95'],False,['http://data.riksdagen.se/fil/8CAB85A4-6A79-4F94-8818-EF3AED76D927'],2768,2,https://svenskforfattningssamling.se/sites/default/files/sfs/2020-05/SFS2020-277.pdf
49,2020:277,21,3a,ökad,,70,,2020-07-01,"Prop. 2019/20:95, bet. 2019/20:JuU15, rskr. 2019/20:232",['2019/20:95'],False,['http://data.riksdagen.se/fil/8CAB85A4-6A79-4F94-8818-EF3AED76D927'],2768,2,https://svenskforfattningssamling.se/sites/default/files/sfs/2020-05/SFS2020-277.pdf
50,2020:309,,,,,,rättat datum i annan ändring,9,"Prop. 2019/20:158, bet. 2019/20:SoU22, rskr. 2019/20: 262",['2019/20:158'],False,['http://data.riksdagen.se/fil/0FE5A389-6126-4B67-A5C8-56A2B78C1343'],551,1,https://svenskforfattningssamling.se/sites/default/files/sfs/2020-05/SFS2020-309.pdf
51,2020:327,40,1a,,,70,nytt förordningsnamn,2020-07-01 överg.best.,"Prop. 2019/20:102, bet. 2019/20:KU24, rskr. 2019/20:247",['2019/20:102'],False,['http://data.riksdagen.se/fil/0A228948-3BBA-4B4E-80C3-7B817ADD43D2'],1060,1,https://svenskforfattningssamling.se/sites/default/files/sfs/2020-05/SFS2020-327.pdf
52,2020:436,27,1,ökad,,20,,2020-07-01,"Prop. 2019/20:74, bet. 2019/20:SkU14, rskr. 2019/20:292, direktiv 2011/16/EU",['2019/20:74'],True,['http://data.riksdagen.se/fil/59C9DDB6-A7D0-4C53-A178-EFA88A9F92F0'],2409,2,https://svenskforfattningssamling.se/sites/default/files/sfs/2020-06/SFS2020-436.pdf
53,2020:452,23,5,,,70,redaktionell ändring,2020-07-01 överg.best.,"Prop. 2019/20:105, bet. 2019/20:UbU22, rskr. 2019/20:300",['2019/20:105'],False,['http://data.riksdagen.se/fil/13FD59C5-312E-458C-A13D-3B04728307E1'],1866,1,https://svenskforfattningssamling.se/sites/default/files/sfs/2020-06/SFS2020-452.pdf
54,2020:560,,,,,,ändrat datum,9,direktiv 2011/16/EU,[],True,[],590,1,https://svenskforfattningssamling.se/sites/default/files/sfs/2020-06/SFS2020-560.pdf
55,2020:569,27,1,ökad,,,,2020-10-01,"Prop. 2019/20:99, bet. 2019/20:FiU21, rskr. 2019/20: 340",['2019/20:99'],False,['http://data.riksdagen.se/fil/F537A270-3069-4E7A-A1EB-7C5364F88CFF'],2341,2,https://svenskforfattningssamling.se/sites/default/files/sfs/2020-06/SFS2020-569.pdf
56,2020:575,10,18a,,,,sekretessbrytande mellan myndigheter,2020-08-01,"Prop. 2019/20:123, bet. 2019/20:JuU35, rskr. 2019/20:321",['2019/20:123'],False,['http://data.riksdagen.se/fil/F230EF68-68B2-4C18-BC8F-3C1755E79187'],3642,2,https://svenskforfattningssamling.se/sites/default/files/sfs/2020-06/SFS2020-575.pdf
57,2020:575,10,8b,,,,sekretessbrytande mellan myndigheter,2020-08-01,"Prop. 2019/20:123, bet. 2019/20:JuU35, rskr. 2019/20:321",['2019/20:123'],False,['http://data.riksdagen.se/fil/F230EF68-68B2-4C18-BC8F-3C1755E79187'],3642,2,https://svenskforfattningssamling.se/sites/default/files/sfs/2020-06/SFS2020-575.pdf
58,2020:575,10,22a,,,,sekretessbrytande mellan myndigheter,2020-08-01,"Prop. 2019/20:123, bet. 2019/20:JuU35, rskr. 2019/20:321",['2019/20:123'],False,['http://data.riksdagen.se/fil/F230EF68-68B2-4C18-BC8F-3C1755E79187'],3642,2,https://svenskforfattningssamling.se/sites/default/files/sfs/2020-06/SFS2020-575.pdf
59,2020:575,35,10c,,,,sekretessbrytande mellan myndigheter,2020-08-01,"Prop. 2019/20:123, bet. 2019/20:JuU35, rskr. 2019/20:321",['2019/20:123'],False,['http://data.riksdagen.se/fil/F230EF68-68B2-4C18-BC8F-3C1755E79187'],3642,2,https://svenskforfattningssamling.se/sites/default/files/sfs/2020-06/SFS2020-575.pdf
60,2020:602,18,18a,ökad,,10,"avfallsförordningen, det nya avfallsregistret",2020-08-01,"Prop. 2019/20:156, bet. 2019/20:MJU20, rskr. 2019/20:338, direktiv 2008/98/EG",['2019/20:156'],True,['http://data.riksdagen.se/fil/9994F94A-C060-4A07-9DD5-53AED522F019'],1384,1,https://svenskforfattningssamling.se/sites/default/files/sfs/2020-06/SFS2020-602.pdf
61,2020:602,31,11a,ökad,,20,"avfallsförordningen, det nya avfallsregistret",2020-08-01,"Prop. 2019/20:156, bet. 2019/20:MJU20, rskr. 2019/20:338, direktiv 2008/98/EG",['2019/20:156'],True,['http://data.riksdagen.se/fil/9994F94A-C060-4A07-9DD5-53AED522F019'],1384,1,https://svenskforfattningssamling.se/sites/default/files/sfs/2020-06/SFS2020-602.pdf
62,2020:606,23,2a,,,70,"corona-relaterat, anpassning till distansundervisning",2021-01-01,"Prop. 2019/20:127, bet. 2019/20:UbU23, rskr. 2019/20:348",['2019/20:127'],False,['http://data.riksdagen.se/fil/333BED2B-98AB-4C26-A3A5-98FF7B8CE3C6'],970,1,https://svenskforfattningssamling.se/sites/default/files/sfs/2020-06/SFS2020-606.pdf
63,2020:620,23,6a,,,,sekretessbrytande mellan myndigheter,2021-01-01,"Prop. 2019/20:118, bet. 2019/20:JuU34, rskr. 2019/20:333",['2019/20:118'],False,['http://data.riksdagen.se/fil/EB9699BF-702E-414D-B2EA-B898E203170E'],2925,2,https://svenskforfattningssamling.se/sites/default/files/sfs/2020-06/SFS2020-620.pdf
64,2020:620,26,9b,,,,sekretessbrytande mellan myndigheter,2021-01-01,"Prop. 2019/20:118, bet. 2019/20:JuU34, rskr. 2019/20:333",['2019/20:118'],False,['http://data.riksdagen.se/fil/EB9699BF-702E-414D-B2EA-B898E203170E'],2925,2,https://svenskforfattningssamling.se/sites/default/files/sfs/2020-06/SFS2020-620.pdf
65,2020:620,35,10b,,,,sekretessbrytande mellan myndigheter,2021-01-01,"Prop. 2019/20:118, bet. 2019/20:JuU34, rskr. 2019/20:333",['2019/20:118'],False,['http://data.riksdagen.se/fil/EB9699BF-702E-414D-B2EA-B898E203170E'],2925,2,https://svenskforfattningssamling.se/sites/default/files/sfs/2020-06/SFS2020-620.pdf
66,2020:620,35,15a,,,,sekretessbrytande mellan myndigheter,2021-01-01,"Prop. 2019/20:118, bet. 2019/20:JuU34, rskr. 2019/20:333",['2019/20:118'],False,['http://data.riksdagen.se/fil/EB9699BF-702E-414D-B2EA-B898E203170E'],2925,2,https://svenskforfattningssamling.se/sites/default/files/sfs/2020-06/SFS2020-620.pdf
67,2020:773,,,,,,redaktionell ändring,2020-10-15,"Bet. 2019/20:KU25, rskr. 2020/21:1",[],False,[],640,1,https://svenskforfattningssamling.se/sites/default/files/sfs/2020-09/SFS2020-773.pdf
68,2020:908,30,4,ökad,EU,20,,2020-12-01,"Prop. 2019/20:173, bet. 2020/21:KU4, rskr. 2020/21:17",['2019/20:173'],False,['http://data.riksdagen.se/fil/796F9955-8660-46F2-A6C2-340EDA64BB25'],3360,2,https://svenskforfattningssamling.se/sites/default/files/sfs/2020-11/SFS2020-908.pdf
69,2020:908,30,4b,ökad,EU,50,,2020-12-01,"Prop. 2019/20:173, bet. 2020/21:KU4, rskr. 2020/21:17",['2019/20:173'],False,['http://data.riksdagen.se/fil/796F9955-8660-46F2-A6C2-340EDA64BB25'],3360,2,https://svenskforfattningssamling.se/sites/default/files/sfs/2020-11/SFS2020-908.pdf
70,2020:961,6,1a,,,,förskottsbetalning. Har kritiserats av SJF!,2021-01-01,"Prop. 2019/20:179, bet. 2020/21:KU6, rskr. 2020/21:36",['2019/20:179'],False,['http://data.riksdagen.se/fil/FB624D11-5D28-4AB1-9254-29A09BA60286'],904,1,https://svenskforfattningssamling.se/sites/default/files/sfs/2020-11/SFS2020-961.pdf
71,2020:1036,30,6,,EU,20,,2021-01-01 överg.best.,"Prop. 2019/20:195, bet. 2020/21:FiU8, rskr. 2020/21:60",['2019/20:195'],False,['http://data.riksdagen.se/fil/0EBBE858-F3B0-4F62-86EA-10759827CFF5'],2045,2,https://svenskforfattningssamling.se/sites/default/files/sfs/2020-11/SFS2020-1036.pdf
72,2020:1064,28,8a,ökad,,70,Tjänstepension,2021-01-01,"Prop. 2020/21:14, bet. 2020/21:FiU1, rskr. 2020/21:63",['2020/21:14'],False,['http://data.riksdagen.se/fil/9443CC32-1FCC-41A3-A7E8-72B5BF93B566'],1676,1,https://svenskforfattningssamling.se/sites/default/files/sfs/2020-11/SFS2020-1064.pdf
73,2020:1064,28,8b,,,,sekretessbrytande till ovanstående,2021-01-01,"Prop. 2020/21:14, bet. 2020/21:FiU1, rskr. 2020/21:63",['2020/21:14'],False,['http://data.riksdagen.se/fil/9443CC32-1FCC-41A3-A7E8-72B5BF93B566'],1676,1,https://svenskforfattningssamling.se/sites/default/files/sfs/2020-11/SFS2020-1064.pdf
74,2020:1112,32,1,,,,Namnbyte Integritetsskyddsmyndigheten,2021-01-01,"Prop. 2020/21:1, utg.omr. 1, bet. 2020/21:KU1, rskr. 2020/21:86",['2020/21:1'],False,['http://data.riksdagen.se/fil/ED667ADD-B081-4879-A9F7-6634C97FADB4'],1179,1,https://svenskforfattningssamling.se/sites/default/files/sfs/2020-12/SFS2020-1112.pdf
75,2020:1179,31,11,,,,Namnbyte utsläppsregistret,2021-01-01,"Prop. 2020/21:27, bet. 2020/21:MJU4, rskr. 2020/21:84",['2020/21:27'],False,['http://data.riksdagen.se/fil/6D6ACA4F-6C16-4CD5-8994-D8AFE6CA6AC0'],922,1,https://svenskforfattningssamling.se/sites/default/files/sfs/2020-12/SFS2020-1179.pdf
76,2020:1276,37,4,,,50,Totalförsvarets plikt- och prövningsverk,2021-02-01,"Prop. 2020/21:30, bet. 2020/21:FöU4, rskr. 2020/21:135",['2020/21:30'],False,['http://data.riksdagen.se/fil/B7B561D3-E597-42D9-9CEA-0AE2C171AF44'],1260,1,https://svenskforfattningssamling.se/sites/default/files/sfs/2020-12/SFS2020-1276.pdf
77,2021:37,35,5,,,,,2021-03-01,"Prop. 2020/21:52, bet. 2020/21:JuU13, rskr. 2020/21:169",['2020/21:52'],False,['http://data.riksdagen.se/fil/EFCEF88B-642A-4BB5-8613-E122D827B04C'],1287,1,https://svenskforfattningssamling.se/sites/default/files/sfs/2021-01/SFS2021-37.pdf
78,2021:46,44,4,,,,,2021-03-01,"Prop. 2020/21:49, bet. 2020/21:SkU12, rskr. 2020/21:165",['2020/21:49'],False,['http://data.riksdagen.se/fil/EBBF6CBE-EC70-425F-BD39-A861DF29AFE2'],2432,2,https://svenskforfattningssamling.se/sites/default/files/sfs/2021-01/SFS2021-46.pdf
79,2021:46,44,5,,,,,2021-03-01,"Prop. 2020/21:49, bet. 2020/21:SkU12, rskr. 2020/21:165",['2020/21:49'],False,['http://data.riksdagen.se/fil/EBBF6CBE-EC70-425F-BD39-A861DF29AFE2'],2432,2,https://svenskforfattningssamling.se/sites/default/files/sfs/2021-01/SFS2021-46.pdf
80,2021:82,30,1a,,,,Konkurrensverket,2021-03-01,"Prop. 2020/21:51, bet. 2020/21:NU10, rskr. 2020/21:170",['2020/21:51'],False,['http://data.riksdagen.se/fil/20420618-30E4-4B22-A9A5-AF814B964266'],965,1,https://svenskforfattningssamling.se/sites/default/files/sfs/2021-02/SFS2021-82.pdf
81,2021:442,24,8a,minskad,,,Tidsbegränsad sekretessbrytande mellan myndighet,2021-07-01,"Prop. 2020/21:141, bet. 2020/21:KU31, rskr. 2020/21:290",['2020/21:141'],False,['http://data.riksdagen.se/fil/011FEFF2-F9DC-48E8-9613-82C0291104B3'],1692,1,https://svenskforfattningssamling.se/sites/default/files/sfs/2021-06/SFS2021-442.pdf
82,2021:443,24,8a,ökad,,,Sekretessbrytande mellan myndigheter upphör,2023-07-01,"Prop. 2020/21:141, bet. 2020/21:KU31, rskr. 2020/21:290",['2020/21:141'],False,['http://data.riksdagen.se/fil/011FEFF2-F9DC-48E8-9613-82C0291104B3'],639,1,https://svenskforfattningssamling.se/sites/default/files/sfs/2021-06/SFS2021-443.pdf
83,2021:533,36,3a,ökad,,,Medling,2021-07-01,"Prop. 2020/21:150, bet. 2020/21:CU17, rskr. 2020/21:315",['2020/21:150'],False,['http://data.riksdagen.se/fil/F826E045-1461-4581-AC61-F0402C290A81'],1442,1,https://svenskforfattningssamling.se/sites/default/files/sfs/2021-06/SFS2021-533.pdf
84,2021:533,36,8,minskad,,,Meddelarfrihet gäller ej ang OSL 36:3a,2021-07-01,"Prop. 2020/21:150, bet. 2020/21:CU17, rskr. 2020/21:315",['2020/21:150'],False,['http://data.riksdagen.se/fil/F826E045-1461-4581-AC61-F0402C290A81'],1442,1,https://svenskforfattningssamling.se/sites/default/files/sfs/2021-06/SFS2021-533.pdf
85,2021:544,,,minskad,,,"Tilägg i OSL bilaga, konkurs och bouppteckning",2021-07-01,"Prop. 2020/21:148, bet. 2020/21:CU19, rskr. 2020/21:318",['2020/21:148'],False,['http://data.riksdagen.se/fil/4ADE7D60-184F-49B7-B540-39C24CCB9CC2'],1341,1,https://svenskforfattningssamling.se/sites/default/files/sfs/2021-06/SFS2021-544.pdf
86,2021:580,30,23b,ökad,,20,Otillbörliga handelsmetoder,2021-11-01,"Prop. 2020/21:134, bet. 2020/21:MJU21, rskr. 2020/21:364, (EU) direktiv 2019/633",['2020/21:134'],True,['https://data.riksdagen.se/fil/899A5A46-D803-4458-BBF7-72E316EA0F92'],2594,2,https://svenskforfattningssamling.se/sites/default/files/sfs/2021-06/SFS2021-580.pdf
87,2021:580,30,30,ökad,,,,2021-11-01,"Prop. 2020/21:134, bet. 2020/21:MJU21, rskr. 2020/21:364, (EU) direktiv 2019/633",['2020/21:134'],True,['https://data.riksdagen.se/fil/899A5A46-D803-4458-BBF7-72E316EA0F92'],2594,2,https://svenskforfattningssamling.se/sites/default/files/sfs/2021-06/SFS2021-580.pdf
88,2021:615,24,3,ökad,,,Bör kommenteras,9,"Prop. 2020/21:172, bet. 2020/21:SoU32, rskr. 2020/21:377",['2020/21:172'],False,['http://data.riksdagen.se/fil/78E7AAA6-DF60-4E48-8B1C-33F6BA327F9D'],2626,2,https://svenskforfattningssamling.se/sites/default/files/sfs/2021-06/SFS2021-615.pdf
89,2021:615,24,3a,ökad,,,,9,"Prop. 2020/21:172, bet. 2020/21:SoU32, rskr. 2020/21:377",['2020/21:172'],False,['http://data.riksdagen.se/fil/78E7AAA6-DF60-4E48-8B1C-33F6BA327F9D'],2626,2,https://svenskforfattningssamling.se/sites/default/files/sfs/2021-06/SFS2021-615.pdf
90,2021:616,30,25c,minskad,,,Uppgift som lämnas till biobank enl förord 2021:600,2021-07-15,"Prop. 2020/21:172, bet. 2020/21:SoU32, rskr. 2020/21:377",['2020/21:172'],False,['http://data.riksdagen.se/fil/78E7AAA6-DF60-4E48-8B1C-33F6BA327F9D'],791,1,https://svenskforfattningssamling.se/sites/default/files/sfs/2021-06/SFS2021-616.pdf
91,2021:617,24,3,ökad,,,ikraftträdande ang OSL 30:25 c,2022-01-31,"Prop. 2020/21:172, bet. 2020/21:SoU32, rskr. 2020/21:377",['2020/21:172'],False,['http://data.riksdagen.se/fil/78E7AAA6-DF60-4E48-8B1C-33F6BA327F9D'],3289,2,https://svenskforfattningssamling.se/sites/default/files/sfs/2021-06/SFS2021-617.pdf
92,2021:618,24,3,ökad,,,,2022-05-26,"Prop. 2020/21:172, bet. 2020/21:SoU32, rskr. 2020/21:377",['2020/21:172'],False,['http://data.riksdagen.se/fil/78E7AAA6-DF60-4E48-8B1C-33F6BA327F9D'],4004,2,https://svenskforfattningssamling.se/sites/default/files/sfs/2021-06/SFS2021-618.pdf
93,2021:618,24,3a,ökad,,,,2022-05-26,"Prop. 2020/21:172, bet. 2020/21:SoU32, rskr. 2020/21:377",['2020/21:172'],False,['http://data.riksdagen.se/fil/78E7AAA6-DF60-4E48-8B1C-33F6BA327F9D'],4004,2,https://svenskforfattningssamling.se/sites/default/files/sfs/2021-06/SFS2021-618.pdf
94,2021:618,30,25c,minskad,,,Jämför med SFS 2021:615-617,2022-05-26,"Prop. 2020/21:172, bet. 2020/21:SoU32, rskr. 2020/21:377",['2020/21:172'],False,['http://data.riksdagen.se/fil/78E7AAA6-DF60-4E48-8B1C-33F6BA327F9D'],4004,2,https://svenskforfattningssamling.se/sites/default/files/sfs/2021-06/SFS2021-618.pdf
95,2021:644,1,6,ökad,,,,2022-01-01,"Prop. 2020/21:143, bet. 2020/21:KU33, rskr. 2020/21:356",['2020/21:143'],False,['http://data.riksdagen.se/fil/44D27D30-3D5F-4930-AB47-618F67D0ABF3'],4978,3,https://svenskforfattningssamling.se/sites/default/files/sfs/2021-06/SFS2021-644.pdf
96,2021:644,10,21,ökad,,,,2022-01-01,"Prop. 2020/21:143, bet. 2020/21:KU33, rskr. 2020/21:356",['2020/21:143'],False,['http://data.riksdagen.se/fil/44D27D30-3D5F-4930-AB47-618F67D0ABF3'],4978,3,https://svenskforfattningssamling.se/sites/default/files/sfs/2021-06/SFS2021-644.pdf
97,2021:644,10,21,ökad,,,,2022-01-01,"Prop. 2020/21:143, bet. 2020/21:KU33, rskr. 2020/21:356",['2020/21:143'],False,['http://data.riksdagen.se/fil/44D27D30-3D5F-4930-AB47-618F67D0ABF3'],4978,3,https://svenskforfattningssamling.se/sites/default/files/sfs/2021-06/SFS2021-644.pdf
98,2021:644,10,23,ökad,,,,2022-01-01,"Prop. 2020/21:143, bet. 2020/21:KU33, rskr. 2020/21:356",['2020/21:143'],False,['http://data.riksdagen.se/fil/44D27D30-3D5F-4930-AB47-618F67D0ABF3'],4978,3,https://svenskforfattningssamling.se/sites/default/files/sfs/2021-06/SFS2021-644.pdf
99,2021:644,10,27,ökad,,,ang institutet för mänsliga rättigheter,2022-01-01,"Prop. 2020/21:143, bet. 2020/21:KU33, rskr. 2020/21:356",['2020/21:143'],False,['http://data.riksdagen.se/fil/44D27D30-3D5F-4930-AB47-618F67D0ABF3'],4978,3,https://svenskforfattningssamling.se/sites/default/files/sfs/2021-06/SFS2021-644.pdf
100,2021:644,33,4a,ökad,,70,,2022-01-01,"Prop. 2020/21:143, bet. 2020/21:KU33, rskr. 2020/21:356",['2020/21:143'],False,['http://data.riksdagen.se/fil/44D27D30-3D5F-4930-AB47-618F67D0ABF3'],4978,3,https://svenskforfattningssamling.se/sites/default/files/sfs/2021-06/SFS2021-644.pdf
101,2021:644,33,5,ökad,,,Inskränkt meddelarfrihet,2022-01-01,"Prop. 2020/21:143, bet. 2020/21:KU33, rskr. 2020/21:356",['2020/21:143'],False,['http://data.riksdagen.se/fil/44D27D30-3D5F-4930-AB47-618F67D0ABF3'],4978,3,https://svenskforfattningssamling.se/sites/default/files/sfs/2021-06/SFS2021-644.pdf
102,2021:646,10,18c,minskad,,,Sekretessbrytande m myndigheter - förebygga brott,2021-08-01,"Prop. 2020/21:163, bet. 2020/21:SoU26, rskr. 2020/21:350",['2020/21:163'],False,['http://data.riksdagen.se/fil/404CF5F8-B49F-4210-A9DF-2816478016A8'],1316,1,https://svenskforfattningssamling.se/sites/default/files/sfs/2021-06/SFS2021-646.pdf
103,2021:672,28,12,minskad,,,Korttidsstöd från pga panemin från Tillväxtverket,2021-08-01 överg.best.,"Prop. 2020/21:168, bet. 2020/21:KU32, rskr. 2020/21:373",['2020/21:168'],False,['http://data.riksdagen.se/fil/F233B97F-BA2D-4FC0-BD4A-A2151A85F089'],1110,1,https://svenskforfattningssamling.se/sites/default/files/sfs/2021-06/SFS2021-672.pdf
104,2021:673,,,,,,övergångsbestämmelse upphör,2021-10-21,"Prop. 2020/21:168, bet. 2020/21:KU32, rskr. 2020/21:373",['2020/21:168'],False,['http://data.riksdagen.se/fil/F233B97F-BA2D-4FC0-BD4A-A2151A85F089'],527,1,https://svenskforfattningssamling.se/sites/default/files/sfs/2021-06/SFS2021-673.pdf
105,2021:891,30,30,,,,konsekvensändring i meddelarskydd??,9,"Bet. 2021/22:KU2, rskr. 2021/22:6",[],False,[],1766,1,https://svenskforfattningssamling.se/sites/default/files/sfs/2021-10/SFS2021-891.pdf
106,2021:898,17,3b,ökad,,50,Visselblåsarlagen; uppföljning av ärenden,2021-12-17 överg.best.,"Prop. 2020/21:193, bet. 2021/22:AU3, rskr. 2021/22:9, direktiv (EU) 2019/1937",['2020/21:193'],True,['http://data.riksdagen.se/fil/ECC6B643-74A5-4EFD-8FB0-01A5E97ECAAE'],3476,2,https://svenskforfattningssamling.se/sites/default/files/sfs/2021-10/SFS2021-898.pdf
107,2021:898,32,3b,ökad,,50,Visselblåsarlagen; uppföljning av ärenden,2021-12-17 överg.best.,"Prop. 2020/21:193, bet. 2021/22:AU3, rskr. 2021/22:9, direktiv (EU) 2019/1937",['2020/21:193'],True,['http://data.riksdagen.se/fil/ECC6B643-74A5-4EFD-8FB0-01A5E97ECAAE'],3476,2,https://svenskforfattningssamling.se/sites/default/files/sfs/2021-10/SFS2021-898.pdf
108,2021:898,36,4,ökad,,,Hänvisning till visserblåsarlagen,2021-12-17 överg.best.,"Prop. 2020/21:193, bet. 2021/22:AU3, rskr. 2021/22:9, direktiv (EU) 2019/1937",['2020/21:193'],True,['http://data.riksdagen.se/fil/ECC6B643-74A5-4EFD-8FB0-01A5E97ECAAE'],3476,2,https://svenskforfattningssamling.se/sites/default/files/sfs/2021-10/SFS2021-898.pdf
109,2021:918,,,,,,ikraftträdande av SFS 2018:1276 (regioner),9,,[],False,[],445,1,https://svenskforfattningssamling.se/sites/default/files/sfs/2021-10/SFS2021-918.pdf
110,2021:921,,,,,,Ikraftträdande av SFS 2018:1276 (etiks prövning),9,,[],False,[],442,1,https://svenskforfattningssamling.se/sites/default/files/sfs/2021-10/SFS2021-921.pdf
111,2021:1071,25,17f,,,,Ny rubrik,2021-12-01,"Prop. 2020/21:221, bet. 2021/22:SoU5, rskr. 2021/22:29",['2020/21:221'],False,['http://data.riksdagen.se/fil/6E20FCA1-4F3F-482C-9DDC-1A9951ABCA9D'],1057,1,https://svenskforfattningssamling.se/sites/default/files/sfs/2021-11/SFS2021-1071.pdf
112,2021:1101,30,22,,,,Ny rubrik,2022-01-01,"Prop. 2020/21:201, bet. 2021/22:CU2, rskr. 2021/22:42",['2020/21:201'],False,['http://data.riksdagen.se/fil/F841C942-B395-489E-93EF-BD8DF6AC0CA6'],653,1,https://svenskforfattningssamling.se/sites/default/files/sfs/2021-11/SFS2021-1101.pdf
113,2021:1120,41,2,,,,Kolla Riksdagsordningen tillägg  13.11.2 ,2022-01-01,"Framst. 2020/21:RS5, bet. 2021/22:KU3, rskr. 2021/22:44",[],False,[],1044,1,https://svenskforfattningssamling.se/sites/default/files/sfs/2021-11/SFS2021-1120.pdf
114,2021:1128,25,17c,minskad,,,Sekretessbrytande till vårdpersonal för djur,2022-01-01,"Prop. 2020/21:220, bet. 2021/22:SoU7, rskr. 2021/22:62",['2020/21:220'],False,['http://data.riksdagen.se/fil/6ABC0C94-A77A-445E-AAF1-626A7F4B80E2'],1337,1,https://svenskforfattningssamling.se/sites/default/files/sfs/2021-12/SFS2021-1128.pdf
115,2021:1184,42,9,ökad,,70,UD:s försök att få Isak och Minhai fria (omvänt),2021-12-15,"Prop. 2021/22:30, bet. 2021/22:KU8, rskr. 2021/22:35",['2021/22:30'],False,['http://data.riksdagen.se/fil/2E901DEE-F631-463E-BAA0-E95D53B23DF7'],1594,1,https://svenskforfattningssamling.se/sites/default/files/sfs/2021-12/SFS2021-1184.pdf
116,2021:1190,9,2,,,,Hänvisning rill annan lagstiftning (EU),2023-03-07 den dag regeringen bestämmer,"Prop. 2020/21:222, bet. 2021/22:JuU9, rskr. 2021/22:59",['2020/21:222'],False,['http://data.riksdagen.se/fil/1BBE8901-A147-4CF1-8D8E-0300CB02A7EC'],4395,2,https://svenskforfattningssamling.se/sites/default/files/sfs/2021-12/SFS2021-1190.pdf
117,2021:1190,18,17,ökad,,40,Schengens informationssystem efterlysta,2023-03-07 den dag regeringen bestämmer,"Prop. 2020/21:222, bet. 2021/22:JuU9, rskr. 2021/22:59",['2020/21:222'],False,['http://data.riksdagen.se/fil/1BBE8901-A147-4CF1-8D8E-0300CB02A7EC'],4395,2,https://svenskforfattningssamling.se/sites/default/files/sfs/2021-12/SFS2021-1190.pdf
118,2021:1190,18,18,,,,Hänvisning till ny bestämmelse,2023-03-07 den dag regeringen bestämmer,"Prop. 2020/21:222, bet. 2021/22:JuU9, rskr. 2021/22:59",['2020/21:222'],False,['http://data.riksdagen.se/fil/1BBE8901-A147-4CF1-8D8E-0300CB02A7EC'],4395,2,https://svenskforfattningssamling.se/sites/default/files/sfs/2021-12/SFS2021-1190.pdf
119,2021:1190,37,6,ökad,,70,Schengen; skydd för ensklid,2023-03-07 den dag regeringen bestämmer,"Prop. 2020/21:222, bet. 2021/22:JuU9, rskr. 2021/22:59",['2020/21:222'],False,['http://data.riksdagen.se/fil/1BBE8901-A147-4CF1-8D8E-0300CB02A7EC'],4395,2,https://svenskforfattningssamling.se/sites/default/files/sfs/2021-12/SFS2021-1190.pdf
120,2021:1190,37,7,,,,Ändring till ny lagstiftning,2023-03-07 den dag regeringen bestämmer,"Prop. 2020/21:222, bet. 2021/22:JuU9, rskr. 2021/22:59",['2020/21:222'],False,['http://data.riksdagen.se/fil/1BBE8901-A147-4CF1-8D8E-0300CB02A7EC'],4395,2,https://svenskforfattningssamling.se/sites/default/files/sfs/2021-12/SFS2021-1190.pdf
121,2022:142,42,1,ökad,EU,,JK; kolla SJF remissyttrande,2022-04-01,"Prop. 2021/22:68, bet. 2021/22:KU18, rskr. 2021/22:164.",['2021/22:68'],False,['http://data.riksdagen.se/fil/F4A04F13-C4F9-40EE-AB79-5B028D8262F3'],2998,2,https://svenskforfattningssamling.se/sites/default/files/sfs/2022-03/SFS2022-142.pdf
122,2022:142,42,2,ökad,,,se ovan,2022-04-01,"Prop. 2021/22:68, bet. 2021/22:KU18, rskr. 2021/22:164.",['2021/22:68'],False,['http://data.riksdagen.se/fil/F4A04F13-C4F9-40EE-AB79-5B028D8262F3'],2998,2,https://svenskforfattningssamling.se/sites/default/files/sfs/2022-03/SFS2022-142.pdf
123,2022:142,42,4,ökad,EU,,seovan; övderförd sekretess,2022-04-01,"Prop. 2021/22:68, bet. 2021/22:KU18, rskr. 2021/22:164.",['2021/22:68'],False,['http://data.riksdagen.se/fil/F4A04F13-C4F9-40EE-AB79-5B028D8262F3'],2998,2,https://svenskforfattningssamling.se/sites/default/files/sfs/2022-03/SFS2022-142.pdf
124,2022:142,42,4a,ökad,,,se ovan,2022-04-01,"Prop. 2021/22:68, bet. 2021/22:KU18, rskr. 2021/22:164.",['2021/22:68'],False,['http://data.riksdagen.se/fil/F4A04F13-C4F9-40EE-AB79-5B028D8262F3'],2998,2,https://svenskforfattningssamling.se/sites/default/files/sfs/2022-03/SFS2022-142.pdf
125,2022:143,42,4a,,,,Byte av paragrafnummer,9,"Prop. 2021/22:68, bet. 2021/22:KU18, rskr. 2021/22:164.",['2021/22:68'],False,['http://data.riksdagen.se/fil/F4A04F13-C4F9-40EE-AB79-5B028D8262F3'],592,1,https://svenskforfattningssamling.se/sites/default/files/sfs/2022-03/SFS2022-143.pdf
126,2022:251,24,8b,,,,Byte av rubrikplats,2022-05-01,"Prop. 2021/22:92, bet. 2021/22:FiU17, rskr. 2021/22:210",['2021/22:92'],False,['http://data.riksdagen.se/fil/C8D590C1-735E-46F4-97C6-3DAB4F857263'],804,1,https://svenskforfattningssamling.se/sites/default/files/sfs/2022-04/SFS2022-251.pdf
127,2022:325,44,44,ökad,,,meddelandefrihet gäller ej vid yppandeförbud,2022-06-01,"Prop. 2021/22:119, bet. 2021/22:JuU15, rskr. 2021/22:243",['2021/22:119'],False,['http://data.riksdagen.se/fil/68A15B63-B179-4D38-A1A7-92E931176F98'],965,1,https://svenskforfattningssamling.se/sites/default/files/sfs/2022-04/SFS2022-325.pdf
128,2022:377,10,19,,,,Sekretessbrytande till polismyndighet,2022-06-01,"Prop. 2021/22:83, bet. 2021/22:TU9, rskr. 2021/22:229",['2021/22:83'],False,['http://data.riksdagen.se/fil/F1872761-6B2E-4F19-8F5E-8887B6338817'],1231,1,https://svenskforfattningssamling.se/sites/default/files/sfs/2022-05/SFS2022-377.pdf
129,2022:408,35,5,ökad,,,"tillträdesförbud butiker, bad och butiker",2022-07-01,"Prop. 2021/22:108, bet. 2021/22:JuU18, rskr. 2021/22:272",['2021/22:108'],False,['http://data.riksdagen.se/fil/B4D22127-006C-4503-BD49-76CC3883220D'],1273,1,https://svenskforfattningssamling.se/sites/default/files/sfs/2022-05/SFS2022-408.pdf
130,2022:496,15,3a,,,,"ingen ändring i sak, nytt lagnamn",2022-06-03,"Prop. 2021/22:136, bet. 2021/22:TU17, rskr. 2021/22:302",['2021/22:136'],False,['http://data.riksdagen.se/fil/219919B8-E483-465C-B818-66E5CE3EF187'],4076,2,https://svenskforfattningssamling.se/sites/default/files/sfs/2022-05/SFS2022-496.pdf
131,2022:583,25,11,minskad,,,sekretessbrytande mellan vårdinrättningar,2022-07-01,"Prop. 2021/22:128, bet. 2021/22:SoU26, rskr. 2021/22:315",['2021/22:128'],False,['http://data.riksdagen.se/fil/1A252536-022D-4291-92AD-D1AEE3906ADD'],2137,2,https://svenskforfattningssamling.se/sites/default/files/sfs/2022-05/SFS2022-583.pdf
132,2022:610,18,16,ökad,EU,,vapenregister;ljuddämpare,2022-07-01,"Prop. 2021/22:185, bet. 2021/22:JuU32, rskr. 2021/22:319",['2021/22:185'],False,['http://data.riksdagen.se/fil/29E8DA3B-6B95-4DB8-9CCF-37492E6ED6AB'],1877,1,https://svenskforfattningssamling.se/sites/default/files/sfs/2022-05/SFS2022-610.pdf
133,2022:610,18,16a,ökad,EU,,vapenregister;ljuddämpare,2022-07-01,"Prop. 2021/22:185, bet. 2021/22:JuU32, rskr. 2021/22:319",['2021/22:185'],False,['http://data.riksdagen.se/fil/29E8DA3B-6B95-4DB8-9CCF-37492E6ED6AB'],1877,1,https://svenskforfattningssamling.se/sites/default/files/sfs/2022-05/SFS2022-610.pdf
134,2022:614,9,2,,EU,20,författningsteknisk,2022-07-01,"Prop. 2021/22:127, bet. 2021/22:JuU39, rskr. 2021/22:317",['2021/22:127'],False,['http://data.riksdagen.se/fil/2AA5DA6A-4C9D-4F39-A879-1ABB34D1FF23'],1711,1,https://svenskforfattningssamling.se/sites/default/files/sfs/2022-05/SFS2022-614.pdf
135,2022:619,9,2,,EU,20,författnngisteknisk,9,"Prop. 2021/22:127, bet. 2021/22:JuU39, rskr. 2021/22:317",['2021/22:127'],False,['http://data.riksdagen.se/fil/2AA5DA6A-4C9D-4F39-A879-1ABB34D1FF23'],1957,2,https://svenskforfattningssamling.se/sites/default/files/sfs/2022-05/SFS2022-619.pdf
136,2022:678,10,18b,,EU,20,sekretesbrytande mellan myndigheter,2022-07-01,"Prop. 2021/22:133, bet. 2021/22:JuU31, rskr. 2021/22:324",['2021/22:133'],False,['http://data.riksdagen.se/fil/F47ACFF3-687F-472F-AA5A-39E3CC7A06CD'],2213,2,https://svenskforfattningssamling.se/sites/default/files/sfs/2022-06/SFS2022-678.pdf
137,2022:678,10,22a,,EU,20,sekretessbrytande mellan myndigheter,2022-07-01,"Prop. 2021/22:133, bet. 2021/22:JuU31, rskr. 2021/22:324",['2021/22:133'],False,['http://data.riksdagen.se/fil/F47ACFF3-687F-472F-AA5A-39E3CC7A06CD'],2213,2,https://svenskforfattningssamling.se/sites/default/files/sfs/2022-06/SFS2022-678.pdf
138,2022:678,35,10c,,EU,,sekretessbrytande mellan myndigheter,2022-07-01,"Prop. 2021/22:133, bet. 2021/22:JuU31, rskr. 2021/22:324",['2021/22:133'],False,['http://data.riksdagen.se/fil/F47ACFF3-687F-472F-AA5A-39E3CC7A06CD'],2213,2,https://svenskforfattningssamling.se/sites/default/files/sfs/2022-06/SFS2022-678.pdf
139,2022:744,30,8b,minskad,EU,,se kommentar i bilaga,2022-08-12,"Prop. 2021/22:169, bet. 2021/22:FiU32, rskr. 2021/22:321",['2021/22:169'],False,['http://data.riksdagen.se/fil/78621081-69F4-420A-B390-EBE9A3355EE8'],9175,4,https://svenskforfattningssamling.se/sites/default/files/sfs/2022-06/SFS2022-744.pdf
140,2022:744,30,8b,minskad,EU,,se kommentar i bilaga,2022-08-12,"Prop. 2021/22:169, bet. 2021/22:FiU32, rskr. 2021/22:321",['2021/22:169'],False,['http://data.riksdagen.se/fil/78621081-69F4-420A-B390-EBE9A3355EE8'],9175,4,https://svenskforfattningssamling.se/sites/default/files/sfs/2022-06/SFS2022-744.pdf
141,2022:744,30,12,ökad,EU,,stabilitetsfond,2022-08-12,"Prop. 2021/22:169, bet. 2021/22:FiU32, rskr. 2021/22:321",['2021/22:169'],False,['http://data.riksdagen.se/fil/78621081-69F4-420A-B390-EBE9A3355EE8'],9175,4,https://svenskforfattningssamling.se/sites/default/files/sfs/2022-06/SFS2022-744.pdf
142,2022:744,30,12a,ökad,,70,resolution,2022-08-12,"Prop. 2021/22:169, bet. 2021/22:FiU32, rskr. 2021/22:321",['2021/22:169'],False,['http://data.riksdagen.se/fil/78621081-69F4-420A-B390-EBE9A3355EE8'],9175,4,https://svenskforfattningssamling.se/sites/default/files/sfs/2022-06/SFS2022-744.pdf
143,2022:744,30,12b,ökad,,,närliggande ärenden till resolution,2022-08-12,"Prop. 2021/22:169, bet. 2021/22:FiU32, rskr. 2021/22:321",['2021/22:169'],False,['http://data.riksdagen.se/fil/78621081-69F4-420A-B390-EBE9A3355EE8'],9175,4,https://svenskforfattningssamling.se/sites/default/files/sfs/2022-06/SFS2022-744.pdf
144,2022:744,30,12c,ökad,,70,stöd till statlig part,2022-08-12,"Prop. 2021/22:169, bet. 2021/22:FiU32, rskr. 2021/22:321",['2021/22:169'],False,['http://data.riksdagen.se/fil/78621081-69F4-420A-B390-EBE9A3355EE8'],9175,4,https://svenskforfattningssamling.se/sites/default/files/sfs/2022-06/SFS2022-744.pdf
145,2022:744,30,12e,minskad,,,se kommentar i bilaga,2022-08-12,"Prop. 2021/22:169, bet. 2021/22:FiU32, rskr. 2021/22:321",['2021/22:169'],False,['http://data.riksdagen.se/fil/78621081-69F4-420A-B390-EBE9A3355EE8'],9175,4,https://svenskforfattningssamling.se/sites/default/files/sfs/2022-06/SFS2022-744.pdf
146,2022:744,30,12f,minskad,,,uppgift till konkursförvaltare,2022-08-12,"Prop. 2021/22:169, bet. 2021/22:FiU32, rskr. 2021/22:321",['2021/22:169'],False,['http://data.riksdagen.se/fil/78621081-69F4-420A-B390-EBE9A3355EE8'],9175,4,https://svenskforfattningssamling.se/sites/default/files/sfs/2022-06/SFS2022-744.pdf
147,2022:744,30,13,,,,överföring av sekretess,2022-08-12,"Prop. 2021/22:169, bet. 2021/22:FiU32, rskr. 2021/22:321",['2021/22:169'],False,['http://data.riksdagen.se/fil/78621081-69F4-420A-B390-EBE9A3355EE8'],9175,4,https://svenskforfattningssamling.se/sites/default/files/sfs/2022-06/SFS2022-744.pdf
148,2022:744,30,30,minskad,,70,meddelarfrihet gäller ej OSL 30:12c,2022-08-12,"Prop. 2021/22:169, bet. 2021/22:FiU32, rskr. 2021/22:321",['2021/22:169'],False,['http://data.riksdagen.se/fil/78621081-69F4-420A-B390-EBE9A3355EE8'],9175,4,https://svenskforfattningssamling.se/sites/default/files/sfs/2022-06/SFS2022-744.pdf
149,2022:763,28,1,ökad,,,Ny myndighet omfattas av sekretess,2022-06-20,"Prop. 2021/22:179, bet. 2021/22:SfU24, rskr. 2021/22:330",['2021/22:179'],False,['http://data.riksdagen.se/fil/027AAFE0-BD22-4815-BBFD-7AE0886E41D5'],3816,2,https://svenskforfattningssamling.se/sites/default/files/sfs/2022-06/SFS2022-763.pdf
150,2022:793,18,6,ökad,,70,"skyddsidentitet i annan stat,",2022-07-01,"Prop. 2021/22:186, bet. 2021/22:JuU35, rskr. 2021/22:347",['2021/22:186'],False,['http://data.riksdagen.se/fil/0C7F6285-D67F-423E-9EB8-EB9DC2B43339'],1473,1,https://svenskforfattningssamling.se/sites/default/files/sfs/2022-06/SFS2022-793.pdf
151,2022:874,42,9,ökad,,,"Sanningskommission, skydd för enskilds uppgif",2022-07-15,"Prop. 2021/22:235, bet. 2021/22:KU24, rskr. 2021/22:351",['2021/22:235'],False,['http://data.riksdagen.se/fil/562756B6-4808-461C-8873-2F01C8685155'],2011,1,https://svenskforfattningssamling.se/sites/default/files/sfs/2022-06/SFS2022-874.pdf
152,2022:916,10,19,,,,sekretessbrytande mellan myndigheter,2023-01-01,"Prop. 2021/22:177, bet. 2021/22:SoU30, rskr. 2021/22:381",['2021/22:177'],False,['http://data.riksdagen.se/fil/D2608A11-4FC1-485C-9EAC-E54F9BC52779'],8451,4,https://svenskforfattningssamling.se/sites/default/files/sfs/2022-06/SFS2022-916.pdf
153,2022:916,10,21,,,,sekretessbrytande mellan myndigheter,2023-01-01,"Prop. 2021/22:177, bet. 2021/22:SoU30, rskr. 2021/22:381",['2021/22:177'],False,['http://data.riksdagen.se/fil/D2608A11-4FC1-485C-9EAC-E54F9BC52779'],8451,4,https://svenskforfattningssamling.se/sites/default/files/sfs/2022-06/SFS2022-916.pdf
154,2022:916,10,24,,EU,70,sekretessbrytande mellan myndigheter,2023-01-01,"Prop. 2021/22:177, bet. 2021/22:SoU30, rskr. 2021/22:381",['2021/22:177'],False,['http://data.riksdagen.se/fil/D2608A11-4FC1-485C-9EAC-E54F9BC52779'],8451,4,https://svenskforfattningssamling.se/sites/default/files/sfs/2022-06/SFS2022-916.pdf
155,2022:916,25,2,ökad,EU,70,elektroniska patienuppgifter inom vård och omsorg,2023-01-01,"Prop. 2021/22:177, bet. 2021/22:SoU30, rskr. 2021/22:381",['2021/22:177'],False,['http://data.riksdagen.se/fil/D2608A11-4FC1-485C-9EAC-E54F9BC52779'],8451,4,https://svenskforfattningssamling.se/sites/default/files/sfs/2022-06/SFS2022-916.pdf
156,2022:916,25,11,,,,sekretessbrytande mellan myndigheter,2023-01-01,"Prop. 2021/22:177, bet. 2021/22:SoU30, rskr. 2021/22:381",['2021/22:177'],False,['http://data.riksdagen.se/fil/D2608A11-4FC1-485C-9EAC-E54F9BC52779'],8451,4,https://svenskforfattningssamling.se/sites/default/files/sfs/2022-06/SFS2022-916.pdf
157,2022:916,26,1a,ökad,,70,sammanhållen patientdokumentation,2023-01-01,"Prop. 2021/22:177, bet. 2021/22:SoU30, rskr. 2021/22:381",['2021/22:177'],False,['http://data.riksdagen.se/fil/D2608A11-4FC1-485C-9EAC-E54F9BC52779'],8451,4,https://svenskforfattningssamling.se/sites/default/files/sfs/2022-06/SFS2022-916.pdf
158,2022:916,26,9c,,,70,sekretessbrytande mellan myndigheter,2023-01-01,"Prop. 2021/22:177, bet. 2021/22:SoU30, rskr. 2021/22:381",['2021/22:177'],False,['http://data.riksdagen.se/fil/D2608A11-4FC1-485C-9EAC-E54F9BC52779'],8451,4,https://svenskforfattningssamling.se/sites/default/files/sfs/2022-06/SFS2022-916.pdf
159,2022:916,26,9d,,,20,sekretessbrytande mellan myndigheter,2023-01-01,"Prop. 2021/22:177, bet. 2021/22:SoU30, rskr. 2021/22:381",['2021/22:177'],False,['http://data.riksdagen.se/fil/D2608A11-4FC1-485C-9EAC-E54F9BC52779'],8451,4,https://svenskforfattningssamling.se/sites/default/files/sfs/2022-06/SFS2022-916.pdf
160,2022:916,26,15,,,70,meddelarfrihet gäller ej OSL 26:1a,2023-01-01,"Prop. 2021/22:177, bet. 2021/22:SoU30, rskr. 2021/22:381",['2021/22:177'],False,['http://data.riksdagen.se/fil/D2608A11-4FC1-485C-9EAC-E54F9BC52779'],8451,4,https://svenskforfattningssamling.se/sites/default/files/sfs/2022-06/SFS2022-916.pdf
161,2022:957,36,1,,,20,ändring av förordningshänvisning,2022-08-01 överg.best.,"Prop. 2021/22:189, bet. 2021/22:CU26, rskr. 2021/22:378",['2021/22:189'],False,['http://data.riksdagen.se/fil/DF15C43A-7BF7-48DC-892F-9A9D349CE3D9'],4163,2,https://svenskforfattningssamling.se/sites/default/files/sfs/2022-06/SFS2022-957.pdf
162,2022:957,36,7a,ökad,,,förälddraansvar och skydd av barn,2022-08-01 överg.best.,"Prop. 2021/22:189, bet. 2021/22:CU26, rskr. 2021/22:378",['2021/22:189'],False,['http://data.riksdagen.se/fil/DF15C43A-7BF7-48DC-892F-9A9D349CE3D9'],4163,2,https://svenskforfattningssamling.se/sites/default/files/sfs/2022-06/SFS2022-957.pdf
163,2022:957,36,8,ökad,,,meddelarfrihet gäller ej OSL 26:7a,2022-08-01 överg.best.,"Prop. 2021/22:189, bet. 2021/22:CU26, rskr. 2021/22:378",['2021/22:189'],False,['http://data.riksdagen.se/fil/DF15C43A-7BF7-48DC-892F-9A9D349CE3D9'],4163,2,https://svenskforfattningssamling.se/sites/default/files/sfs/2022-06/SFS2022-957.pdf
164,2022:993,34,7,ökad,,,tillsyn i konkurser; Kronofogdemyndighet,2022-08-01,"Prop. 2021/22:215, bet. 2021/22:CU22, rskr. 2021/22:375",['2021/22:215'],False,['http://data.riksdagen.se/fil/609FC7DE-81E0-4911-811F-3A4DD8DDEE1E'],1209,1,https://svenskforfattningssamling.se/sites/default/files/sfs/2022-06/SFS2022-993.pdf
165,2022:993,34,8,ökad,,,misstanke om brott vid rekonsktruktion,2022-08-01,"Prop. 2021/22:215, bet. 2021/22:CU22, rskr. 2021/22:375",['2021/22:215'],False,['http://data.riksdagen.se/fil/609FC7DE-81E0-4911-811F-3A4DD8DDEE1E'],1209,1,https://svenskforfattningssamling.se/sites/default/files/sfs/2022-06/SFS2022-993.pdf
166,2022:1013,17,4,ökad,,,förberedelse vid inapassering högskoleprov,2023-07-01,"Prop. 2021/22:155, bet. 2021/22:UbU26, rskr. 2021/22:412",['2021/22:155'],False,['http://data.riksdagen.se/fil/58C94BB6-39ED-4B3D-A83D-9E7BD4152D9D'],1195,1,https://svenskforfattningssamling.se/sites/default/files/sfs/2022-06/SFS2022-1013.pdf
167,2022:1242,28,11,minskad,,,ändrat skaderekvisit gäller hela arbetsmarknaden,2022-12-01 överg.best.,"Prop. 2021/22:216, bet. 2021/22:AU15, rskr. 2021/22:426",['2021/22:216'],False,['http://data.riksdagen.se/fil/3747B808-3363-4331-ABBC-C1AB9C169D08'],2522,2,https://svenskforfattningssamling.se/sites/default/files/sfs/2022-07/SFS2022-1242.pdf
168,2022:1242,28,12,minskad,,50,ändrat skaderekvisit gäller hela arbetsmarknaden,2022-12-01 överg.best.,"Prop. 2021/22:216, bet. 2021/22:AU15, rskr. 2021/22:426",['2021/22:216'],False,['http://data.riksdagen.se/fil/3747B808-3363-4331-ABBC-C1AB9C169D08'],2522,2,https://svenskforfattningssamling.se/sites/default/files/sfs/2022-07/SFS2022-1242.pdf
169,2022:1242,28,12a,,,50,sekretessbrytande mellan myndighet och leverantör,2022-12-01 överg.best.,"Prop. 2021/22:216, bet. 2021/22:AU15, rskr. 2021/22:426",['2021/22:216'],False,['http://data.riksdagen.se/fil/3747B808-3363-4331-ABBC-C1AB9C169D08'],2522,2,https://svenskforfattningssamling.se/sites/default/files/sfs/2022-07/SFS2022-1242.pdf
170,2022:1242,28,17,minskad,,,meddelarfrihet gäller i ökad usträckning,2022-12-01 överg.best.,"Prop. 2021/22:216, bet. 2021/22:AU15, rskr. 2021/22:426",['2021/22:216'],False,['http://data.riksdagen.se/fil/3747B808-3363-4331-ABBC-C1AB9C169D08'],2522,2,https://svenskforfattningssamling.se/sites/default/files/sfs/2022-07/SFS2022-1242.pdf
171,2022:1297,33,1,ökad,,,missgynnande närståendevård,2022-08-02,"Prop. 2021/22:175, bet. 2021/22:AU14, rskr. 2021/22:427",['2021/22:175'],False,['http://data.riksdagen.se/fil/804863ED-703F-4436-B603-AB287561A5A9'],2586,2,https://svenskforfattningssamling.se/sites/default/files/sfs/2022-07/SFS2022-1297.pdf
172,2022:1297,33,3,ökad,,,missgynnande närståendevård,2022-08-02,"Prop. 2021/22:175, bet. 2021/22:AU14, rskr. 2021/22:427",['2021/22:175'],False,['http://data.riksdagen.se/fil/804863ED-703F-4436-B603-AB287561A5A9'],2586,2,https://svenskforfattningssamling.se/sites/default/files/sfs/2022-07/SFS2022-1297.pdf
173,2022:1314,18,6,ökad,,,"skyddsidentitet i annan stat,",9,"Prop. 2021/22:186, bet. 2021/22:JuU46, rskr. 2021/22:454",['2021/22:186'],False,['http://data.riksdagen.se/fil/0C7F6285-D67F-423E-9EB8-EB9DC2B43339'],2131,2,https://svenskforfattningssamling.se/sites/default/files/sfs/2022-07/SFS2022-1314.pdf
174,2022:1314,35,7,ökad,,,hänvisning till 25:12a,9,"Prop. 2021/22:186, bet. 2021/22:JuU46, rskr. 2021/22:454",['2021/22:186'],False,['http://data.riksdagen.se/fil/0C7F6285-D67F-423E-9EB8-EB9DC2B43339'],2131,2,https://svenskforfattningssamling.se/sites/default/files/sfs/2022-07/SFS2022-1314.pdf
175,2022:1314,35,12a,ökad,,,Domstolssekretess om personuppgifter i mål,9,"Prop. 2021/22:186, bet. 2021/22:JuU46, rskr. 2021/22:454",['2021/22:186'],False,['http://data.riksdagen.se/fil/0C7F6285-D67F-423E-9EB8-EB9DC2B43339'],2131,2,https://svenskforfattningssamling.se/sites/default/files/sfs/2022-07/SFS2022-1314.pdf
176,2022:1314,25,13a,ökad,,,Domstolssekrettess om parts närvaro,9,"Prop. 2021/22:186, bet. 2021/22:JuU46, rskr. 2021/22:454",['2021/22:186'],False,['http://data.riksdagen.se/fil/0C7F6285-D67F-423E-9EB8-EB9DC2B43339'],2131,2,https://svenskforfattningssamling.se/sites/default/files/sfs/2022-07/SFS2022-1314.pdf
177,2022:1495,10,23,,,,sekretessbrytande mellan myndigheter,2023-01-02,"Prop. 2021/22:259, bet. 2022/23:TU2, rskr. 2022/23:18",['2021/22:259'],False,['http://data.riksdagen.se/fil/BC5C7AB8-1F44-49CA-91B1-D35D43CE0B33'],3247,2,https://svenskforfattningssamling.se/sites/default/files/sfs/2022-11/SFS2022-1495.pdf
178,2022:1535,35,6,ökad,,,strafföreläggande,2023-01-01,"Prop. 2021/22:279, bet. 2022/23:JuU2, rskr. 2022/23:16",['2021/22:279'],False,['http://data.riksdagen.se/fil/2F807CC7-1FA7-49EC-AB79-1B853024FE86'],1256,1,https://svenskforfattningssamling.se/sites/default/files/sfs/2022-11/SFS2022-1535.pdf
179,2022:1538,10,5c,,,,sekretessbrytande mellan myndigheter,2023-01-01,"Prop. 2021/22:251, bet. 2022/23:FiU15, rskr. 2022/23:33",['2021/22:251'],False,['http://data.riksdagen.se/fil/66000A8A-E309-423A-8BCE-CDF0BE4B29C0'],5679,3,https://svenskforfattningssamling.se/sites/default/files/sfs/2022-11/SFS2022-1538.pdf
180,2022:1538,15,1a,,,,sekretessbrytande ej tillåtet i strid med internationalla avtal,2023-01-01,"Prop. 2021/22:251, bet. 2022/23:FiU15, rskr. 2022/23:33",['2021/22:251'],False,['http://data.riksdagen.se/fil/66000A8A-E309-423A-8BCE-CDF0BE4B29C0'],5679,3,https://svenskforfattningssamling.se/sites/default/files/sfs/2022-11/SFS2022-1538.pdf
181,2022:1538,30,7,,,20,sekretessbrytande ej tillåtet i strid med internationalla avtal,2023-01-01,"Prop. 2021/22:251, bet. 2022/23:FiU15, rskr. 2022/23:33",['2021/22:251'],False,['http://data.riksdagen.se/fil/66000A8A-E309-423A-8BCE-CDF0BE4B29C0'],5679,3,https://svenskforfattningssamling.se/sites/default/files/sfs/2022-11/SFS2022-1538.pdf
182,2022:1538,30,17,,EU,,sekretessbrytande ej tillåtet i strid med internationalla avtal,2023-01-01,"Prop. 2021/22:251, bet. 2022/23:FiU15, rskr. 2022/23:33",['2021/22:251'],False,['http://data.riksdagen.se/fil/66000A8A-E309-423A-8BCE-CDF0BE4B29C0'],5679,3,https://svenskforfattningssamling.se/sites/default/files/sfs/2022-11/SFS2022-1538.pdf
183,2022:1538,30,24,,EU,,sekretessbrytande ej tillåtet i strid med internationalla avtal,2023-01-01,"Prop. 2021/22:251, bet. 2022/23:FiU15, rskr. 2022/23:33",['2021/22:251'],False,['http://data.riksdagen.se/fil/66000A8A-E309-423A-8BCE-CDF0BE4B29C0'],5679,3,https://svenskforfattningssamling.se/sites/default/files/sfs/2022-11/SFS2022-1538.pdf
184,2022:1538,37,2,,EU,,sekretessbrytande ej tillåtet i strid med internationalla avtal,2023-01-01,"Prop. 2021/22:251, bet. 2022/23:FiU15, rskr. 2022/23:33",['2021/22:251'],False,['http://data.riksdagen.se/fil/66000A8A-E309-423A-8BCE-CDF0BE4B29C0'],5679,3,https://svenskforfattningssamling.se/sites/default/files/sfs/2022-11/SFS2022-1538.pdf
185,2022:1579,30,8a,,EU,50,sekretessbrytande mellan myndigheter,2023-01-01 överg.best.,"Prop. 2021/22:41, bet. 2022/23:KU8, rskr. 2022/23:23",['2021/22:41'],False,['http://data.riksdagen.se/fil/30997F90-8CC1-4661-9C67-89ACEFD77E68'],2455,2,https://svenskforfattningssamling.se/sites/default/files/sfs/2022-11/SFS2022-1579.pdf
186,2022:1579,32,6,,,,ny riksbankslag,2023-01-01 överg.best.,"Prop. 2021/22:41, bet. 2022/23:KU8, rskr. 2022/23:23",['2021/22:41'],False,['http://data.riksdagen.se/fil/30997F90-8CC1-4661-9C67-89ACEFD77E68'],2455,2,https://svenskforfattningssamling.se/sites/default/files/sfs/2022-11/SFS2022-1579.pdf
187,2022:1579,39,5b,ökad,,,tillsättande av chefer inom riksbanken,2023-01-01 överg.best.,"Prop. 2021/22:41, bet. 2022/23:KU8, rskr. 2022/23:23",['2021/22:41'],False,['http://data.riksdagen.se/fil/30997F90-8CC1-4661-9C67-89ACEFD77E68'],2455,2,https://svenskforfattningssamling.se/sites/default/files/sfs/2022-11/SFS2022-1579.pdf
188,2022:1655,31,25a,ökad,,,revisors uttalande gränsöverskridande förfarande,2023-01-31,"Prop. 2021/22:286, bet. 2022/23:CU3, rskr. 2022/23:37.",['2021/22:286'],False,['http://data.riksdagen.se/fil/5E89FB72-D202-47DC-9AA1-D32950450DC1'],1228,1,https://svenskforfattningssamling.se/sites/default/files/sfs/2022-12/SFS2022-1655.pdf
189,2022:1685,9,2,ökad,,,användarbegränsningar i LAUP,2023-01-01,"Prop. 2022/23:6, bet. 2022/23:SkU3, rskr. 2022/23:39, direktiv 2011/16/EU",['2022/23:6'],True,['http://data.riksdagen.se/fil/93DC004F-862E-44A8-9307-E0A25912E8B6'],5270,3,https://svenskforfattningssamling.se/sites/default/files/sfs/2022-12/SFS2022-1685.pdf
190,2022:1685,27,1,ökad,,,utökat skattebegrepp,2023-01-01,"Prop. 2022/23:6, bet. 2022/23:SkU3, rskr. 2022/23:39, direktiv 2011/16/EU",['2022/23:6'],True,['http://data.riksdagen.se/fil/93DC004F-862E-44A8-9307-E0A25912E8B6'],5270,3,https://svenskforfattningssamling.se/sites/default/files/sfs/2022-12/SFS2022-1685.pdf
191,2022:1685,27,2,ökad,,,plattformsaktörer emigt LAUP och POL,2023-01-01,"Prop. 2022/23:6, bet. 2022/23:SkU3, rskr. 2022/23:39, direktiv 2011/16/EU",['2022/23:6'],True,['http://data.riksdagen.se/fil/93DC004F-862E-44A8-9307-E0A25912E8B6'],5270,3,https://svenskforfattningssamling.se/sites/default/files/sfs/2022-12/SFS2022-1685.pdf
192,2022:1758,30,4b,ökad,,,skydd för anmälares identet ang värdepapper,2023-01-01,"Prop. 2022/23:7, bet. 2022/23:FiU14, rskr. 2022/23:45",['2022/23:7'],False,['http://data.riksdagen.se/fil/CED0C354-8402-49D7-B163-5872C2E9110F'],2767,2,https://svenskforfattningssamling.se/sites/default/files/sfs/2022-12/SFS2022-1758.pdf
193,2023:20,28,4a,ökad,,20,Elstöd,2023-02-01,"Prop. 2022/23:48, bet. 2022/23:KU16, rskr. 2022/23:110",['2022/23:48'],False,['http://data.riksdagen.se/fil/5D0095DA-8F4F-42AA-82A0-F97298C409B0'],1331,1,https://svenskforfattningssamling.se/sites/default/files/sfs/2023-01/SFS2023-20.pdf
194,2023:20,28,4b,ökad,,20,Elektriska anläggningar,2023-02-01,"Prop. 2022/23:48, bet. 2022/23:KU16, rskr. 2022/23:110",['2022/23:48'],False,['http://data.riksdagen.se/fil/5D0095DA-8F4F-42AA-82A0-F97298C409B0'],1331,1,https://svenskforfattningssamling.se/sites/default/files/sfs/2023-01/SFS2023-20.pdf
195,2023:41,25,15,ökad,,70,Uppgifter i biobank.Ingen ändring i sak,2023-07-01 överg.best.,"Prop. 2021/22:257, bet. 2022/23:SoU4, rskr. 2022/23:115",['2021/22:257'],False,['http://data.riksdagen.se/fil/780C520D-1C20-42D3-8A25-7EEEB99C2F53'],1163,1,https://svenskforfattningssamling.se/sites/default/files/sfs/2023-02/SFS2023-41.pdf
196,2023:54,,,,,,Ikraftträdande av SFS 2021:1190 ovan,9,,[],False,[],506,1,https://svenskforfattningssamling.se/sites/default/files/sfs/2023-02/SFS2023-54.pdf
197,2023:88,36,5b,ökad,,20,Absolut sekretess i domstol om mål ang konkurrenslagen,2023-05-01,"Prop. 2022/23:40, bet. 2022/23:KU15, rskr. 2022/23:129, direktiv (EU) 2019/1",['2022/23:40'],True,['http://data.riksdagen.se/fil/AF457184-0C73-4698-A260-2F78310E2A72'],1164,1,https://svenskforfattningssamling.se/sites/default/files/sfs/2023-03/SFS2023-88.pdf
198,2023:106,,,,,,Ikraftträdande av 2022:1314 ovan,9,"Bet. 2022/23:JuU7, rskr. 2022/23:133",[],False,[],594,1,https://svenskforfattningssamling.se/sites/default/files/sfs/2023-03/SFS2023-106.pdf
199,2023:162,17,1a,ökad,,,Dataanalyser i folkbokföringssystem,2023-05-01,"Prop. 2022/23:41, bet. 2022/23:SkU8, rskr. 2022/23:156",['2022/23:41'],False,['http://data.riksdagen.se/fil/3EE33AF6-841A-43C2-9FA2-F08183B49436'],1734,1,https://svenskforfattningssamling.se/sites/default/files/sfs/2023-03/SFS2023-162.pdf
200,2023:162,22,1a,ökad,,20,Personliga ek förh i folkbokföringssystem. absolut sekretess,2023-05-01,"Prop. 2022/23:41, bet. 2022/23:SkU8, rskr. 2022/23:156",['2022/23:41'],False,['http://data.riksdagen.se/fil/3EE33AF6-841A-43C2-9FA2-F08183B49436'],1734,1,https://svenskforfattningssamling.se/sites/default/files/sfs/2023-03/SFS2023-162.pdf
201,2023:162,22,6,ökad,,,Slopad meddelarfrihet i 22:1a,2023-05-01,"Prop. 2022/23:41, bet. 2022/23:SkU8, rskr. 2022/23:156",['2022/23:41'],False,['http://data.riksdagen.se/fil/3EE33AF6-841A-43C2-9FA2-F08183B49436'],1734,1,https://svenskforfattningssamling.se/sites/default/files/sfs/2023-03/SFS2023-162.pdf
202,2023:189,30,25,,,,läkemedelsförmåner i regioner,2023-07-01,"Prop. 2022/23:45, bet. 2022/23:SoU11, rskr. 2022/23:164",['2022/23:45'],False,['http://data.riksdagen.se/fil/587051EC-B45E-41F1-9AFF-B3DC3322F4AB'],1486,1,https://svenskforfattningssamling.se/sites/default/files/sfs/2023-04/SFS2023-189.pdf
203,2023:217,,,,,,ikraftträdade av lag SFS 2016:728,9,,[],False,[],451,1,https://svenskforfattningssamling.se/sites/default/files/sfs/2023-04/SFS2023-217.pdf
204,2023:284,18,11,ökad,,,"rättspsykiatrisk verksamhet, inom Rättsmedicinalverket",2023-07-01,"Prop. 2022/23:82, bet. 2022/23:JuU19, rskr. 2022/23:188",['2022/23:82'],False,['http://data.riksdagen.se/fil/A0774066-A7C0-46C1-9E19-085632BFC216'],1134,1,https://svenskforfattningssamling.se/sites/default/files/sfs/2023-05/SFS2023-284.pdf
205,2023:298,9,2,,,,redaktionell ändring,9,"Prop. 2022/23:71, bet. 2022/23:JuU24, rskr. 2022/23:195",['2022/23:71'],False,['https://data.riksdagen.se/fil/C9608A01-2283-4B58-8799-2AB8745E702B'],1892,2,https://svenskforfattningssamling.se/sites/default/files/sfs/2023-05/SFS2023-298.pdf
206,2023:299,9,2,,,,tidpunkt för ikraftträdande,9,,[],False,[],463,1,https://svenskforfattningssamling.se/sites/default/files/sfs/2023-05/SFS2023-299.pdf
207,2023:321,35,23c,ökad,,,Polismyndighet kontra TCO-lagen,2023-07-01,"Prop. 2022/23:71, bet. 2022/23:JuU24, rskr. 2022/23:195",['2022/23:71'],False,['https://data.riksdagen.se/fil/C9608A01-2283-4B58-8799-2AB8745E702B'],1185,1,https://svenskforfattningssamling.se/sites/default/files/sfs/2023-05/SFS2023-321.pdf
208,2023:335,10,2a,minskad,,,tekniskt utbyte,2023-07-01,"Prop. 2022/23:97, bet. 2022/23:KU35, rskr. 2022/23:204",['2022/23:97'],False,['https://data.riksdagen.se/fil/F2D65A43-9310-4499-B515-D71D1F4A5A48'],1873,1,https://svenskforfattningssamling.se/sites/default/files/sfs/2023-06/SFS2023-335.pdf
209,2023:335,44,5,ökad,,,Inskränkt meddelarfrihet,2023-07-01,"Prop. 2022/23:97, bet. 2022/23:KU35, rskr. 2022/23:204",['2022/23:97'],False,['https://data.riksdagen.se/fil/F2D65A43-9310-4499-B515-D71D1F4A5A48'],1873,1,https://svenskforfattningssamling.se/sites/default/files/sfs/2023-06/SFS2023-335.pdf
210,2023:353,23,2,,,,redaktionell ändring,2023-07-02,"Prop. 2022/23:94, bet. 2022/23:UbU14, rskr. 2022/23:207",['2022/23:94'],False,['https://data.riksdagen.se/fil/F4CFF02A-62AA-4FE3-A18B-AA0376E5BE97'],2481,2,https://svenskforfattningssamling.se/sites/default/files/sfs/2023-06/SFS2023-353.pdf
211,2023:353,23,2a,,,,redaktionell ändring,2023-07-02,"Prop. 2022/23:94, bet. 2022/23:UbU14, rskr. 2022/23:207",['2022/23:94'],False,['https://data.riksdagen.se/fil/F4CFF02A-62AA-4FE3-A18B-AA0376E5BE97'],2481,2,https://svenskforfattningssamling.se/sites/default/files/sfs/2023-06/SFS2023-353.pdf
212,2023:357,23,2a,,,,ikrafträndade,9,"Prop. 2022/23:94, bet. 2022/23:UbU14, rskr. 2022/23:207",['2022/23:94'],False,['https://data.riksdagen.se/fil/F4CFF02A-62AA-4FE3-A18B-AA0376E5BE97'],572,1,https://svenskforfattningssamling.se/sites/default/files/sfs/2023-06/SFS2023-357.pdf
213,2023:373,18,16,minskad,,,vapenmagasin och vapenmäklarverksamhet,2023-07-01,"Prop. 2022/23:102, bet. 2022/23:JuU25, rskr. 2022/23:215",['2022/23:102'],False,['https://data.riksdagen.se/fil/6968BF4D-9859-47A5-844E-228599064C80'],1970,1,https://svenskforfattningssamling.se/sites/default/files/sfs/2023-06/SFS2023-373.pdf
214,2023:373,18,16a,minskad,,,vapenmagasin och vapenmäklarverksamhet,2023-07-01,"Prop. 2022/23:102, bet. 2022/23:JuU25, rskr. 2022/23:215",['2022/23:102'],False,['https://data.riksdagen.se/fil/6968BF4D-9859-47A5-844E-228599064C80'],1970,1,https://svenskforfattningssamling.se/sites/default/files/sfs/2023-06/SFS2023-373.pdf
215,2023:445,35,12b,,,,sekretessbrytande mellan myndigheter,9,"Prop. 2022/23:117, bet. 2022/23:JuU30, rskr. 2022/23:251",['2022/23:117'],False,['https://data.riksdagen.se/fil/9BCC61F9-0D1E-49D9-A84E-02B7556D89E4'],1056,1,https://svenskforfattningssamling.se/sites/default/files/sfs/2023-06/SFS2023-445.pdf
216,2023:445,35,12c,,,,sekretessbrytande mellan myndigheter,9,"Prop. 2022/23:117, bet. 2022/23:JuU30, rskr. 2022/23:251",['2022/23:117'],False,['https://data.riksdagen.se/fil/9BCC61F9-0D1E-49D9-A84E-02B7556D89E4'],1056,1,https://svenskforfattningssamling.se/sites/default/files/sfs/2023-06/SFS2023-445.pdf
217,2023:460,40,8,,,,,2024-01-01,"Prop. 2022/23:34, bet. 2022/23:FiU35, rskr. 2022/23:266",['2022/23:34'],False,['https://data.riksdagen.se/fil/5C13A216-F5B2-47DE-8470-788EC1D6B3C0'],1690,1,https://svenskforfattningssamling.se/sites/default/files/sfs/2023-06/SFS2023-460.pdf
218,2023:460,17,1b,,,,,2024-01-01,"Prop. 2022/23:34, bet. 2022/23:FiU35, rskr. 2022/23:266",['2022/23:34'],False,['https://data.riksdagen.se/fil/5C13A216-F5B2-47DE-8470-788EC1D6B3C0'],1690,1,https://svenskforfattningssamling.se/sites/default/files/sfs/2023-06/SFS2023-460.pdf
219,2023:460,40,7d,ökad,,,inskränkt meddelarfrihet,2024-01-01,"Prop. 2022/23:34, bet. 2022/23:FiU35, rskr. 2022/23:266",['2022/23:34'],False,['https://data.riksdagen.se/fil/5C13A216-F5B2-47DE-8470-788EC1D6B3C0'],1690,1,https://svenskforfattningssamling.se/sites/default/files/sfs/2023-06/SFS2023-460.pdf
220,2023:545,,,,,,SFS:2022:1314 utgår,9,"Bet. 2022/23:JuU34, rskr. 2023/24:1",[],False,[],476,1,https://svenskforfattningssamling.se/sites/default/files/sfs/2023-09/SFS2023-545.pdf
221,2023:546,,,,,,SFS: 2023:106 utgår,9,"Bet. 2022/23:JuU34, rskr. 2023/24:1",[],False,[],536,1,https://svenskforfattningssamling.se/sites/default/files/sfs/2023-09/SFS2023-546.pdf
222,2023:547,,,,,,SFS: 2023: 445 utgår,9,"Bet. 2022/23:JuU34, rskr. 2023/24:1",[],False,[],474,1,https://svenskforfattningssamling.se/sites/default/files/sfs/2023-09/SFS2023-547.pdf
223,2023:561,15,3b,minskad,,,sekretessbrytande mellan myndigheter,2023-12-01,"Prop. 2022/23:116, bet. 2022/23:JuU32, rskr. 2023/24:3",['2022/23:116'],False,['https://data.riksdagen.se/fil/3CCB08B7-AD03-44E0-9D5A-8A31AB1BB95E'],990,1,https://svenskforfattningssamling.se/sites/default/files/sfs/2023-09/SFS2023-561.pdf
224,2023:640,27,1,,,,skattebeskrivning,2024-01-01,"Prop. 2022/23:121, bet. 2023/24:SkU2, rskr. 2023/24:12",['2022/23:121'],False,['https://data.riksdagen.se/fil/57513E7A-F943-40AF-B2D3-8420E96892E9'],3963,2,https://svenskforfattningssamling.se/sites/default/files/sfs/2023-11/SFS2023-640.pdf
225,2023:640,27,2,,,,skattebeskrivning,2024-01-01,"Prop. 2022/23:121, bet. 2023/24:SkU2, rskr. 2023/24:12",['2022/23:121'],False,['https://data.riksdagen.se/fil/57513E7A-F943-40AF-B2D3-8420E96892E9'],3963,2,https://svenskforfattningssamling.se/sites/default/files/sfs/2023-11/SFS2023-640.pdf
226,2023:693,26,14,ökad,,,"tilldelning av ledarhund, meddelarfrihet gäller",2024-04-01,"Prop. 2022/23:122, bet. 2023/24:SoU2, rskr. 2023/24:22",['2022/23:122'],False,['https://data.riksdagen.se/fil/12A643E9-C7A9-48D3-9405-932491BF06F8'],1789,2,https://svenskforfattningssamling.se/sites/default/files/sfs/2023-11/SFS2023-693.pdf
227,2023:707,19,3a,,,,övergångsbestämmelse,2024-01-01 överg.best.,"Prop. 2023/24:6, bet. 2023/24:TU3, rskr. 2023/24:39",['2023/24:6'],False,['https://data.riksdagen.se/fil/63066AD2-7926-43E7-9F23-7D1ED5B4679E'],824,1,https://svenskforfattningssamling.se/sites/default/files/sfs/2023-11/SFS2023-707.pdf
228,2023:718,30,4d,ökad,,70,inkassoverksamhet,2024-01-01,"Prop. 2023/24:23, bet. 2023/24:FiU18, rskr. 2023/24:33",['2023/24:23'],False,['https://data.riksdagen.se/fil/387F09B2-5902-47C9-B3FE-81F3CB3764B9'],2168,2,https://svenskforfattningssamling.se/sites/default/files/sfs/2023-11/SFS2023-718.pdf
229,2023:718,30,5,ökad,,70,innehav av aktier,2024-01-01,"Prop. 2023/24:23, bet. 2023/24:FiU18, rskr. 2023/24:33",['2023/24:23'],False,['https://data.riksdagen.se/fil/387F09B2-5902-47C9-B3FE-81F3CB3764B9'],2168,2,https://svenskforfattningssamling.se/sites/default/files/sfs/2023-11/SFS2023-718.pdf
230,2023:718,30,8e,ökad,,,överföring av sekretess till JK,2024-01-01,"Prop. 2023/24:23, bet. 2023/24:FiU18, rskr. 2023/24:33",['2023/24:23'],False,['https://data.riksdagen.se/fil/387F09B2-5902-47C9-B3FE-81F3CB3764B9'],2168,2,https://svenskforfattningssamling.se/sites/default/files/sfs/2023-11/SFS2023-718.pdf
231,2024:9,35,5,ökad,,70,preventiva vistelseförbud,2024-02-01,"Prop. 2023/24:57, bet. 2023/24:JuU12, rskr. 2023/24:117",['2023/24:57'],False,['https://data.riksdagen.se/fil/4BA3CDE8-915D-4441-85A1-786102AD1C26'],1311,1,https://svenskforfattningssamling.se/sites/default/files/sfs/2024-01/SFS2024-9.pdf
232,2024:32,42,9,ökad,,70,Sveriges adoptionsverksamhet,2024-03-01,"Prop. 2023/24:50, bet. 2023/24:SoU10, rskr. 2023/24:124",['2023/24:50'],False,['https://data.riksdagen.se/fil/83BA58A0-4D37-464F-B93B-D4F2796207F2'],2244,2,https://svenskforfattningssamling.se/sites/default/files/sfs/2024-02/SFS2024-32.pdf
233,2024:88,26,1,ökad,,70,verksamhet om skyddat boende för barn,2024-04-01,"Prop. 2023/24:31, bet. 2023/24:SoU6, rskr. 2023/24:130",['2023/24:31'],False,['https://data.riksdagen.se/fil/7FD34107-7748-4CE1-983F-FD1FC465A1CD'],6940,3,https://svenskforfattningssamling.se/sites/default/files/sfs/2024-02/SFS2024-88.pdf
234,2024:88,26,2,ökad,,,barns vistelseort,2024-04-01,"Prop. 2023/24:31, bet. 2023/24:SoU6, rskr. 2023/24:130",['2023/24:31'],False,['https://data.riksdagen.se/fil/7FD34107-7748-4CE1-983F-FD1FC465A1CD'],6940,3,https://svenskforfattningssamling.se/sites/default/files/sfs/2024-02/SFS2024-88.pdf
235,2024:88,26,7,minskad,,,beslut om skyddat boende,2024-04-01,"Prop. 2023/24:31, bet. 2023/24:SoU6, rskr. 2023/24:130",['2023/24:31'],False,['https://data.riksdagen.se/fil/7FD34107-7748-4CE1-983F-FD1FC465A1CD'],6940,3,https://svenskforfattningssamling.se/sites/default/files/sfs/2024-02/SFS2024-88.pdf
236,2024:88,26,14b,ökad,,70,IVO se OSL 26:1,2024-04-01,"Prop. 2023/24:31, bet. 2023/24:SoU6, rskr. 2023/24:130",['2023/24:31'],False,['https://data.riksdagen.se/fil/7FD34107-7748-4CE1-983F-FD1FC465A1CD'],6940,3,https://svenskforfattningssamling.se/sites/default/files/sfs/2024-02/SFS2024-88.pdf
237,2024:88,26,14c,ökad,,70,IVO se OSL 26:1,2024-04-01,"Prop. 2023/24:31, bet. 2023/24:SoU6, rskr. 2023/24:130",['2023/24:31'],False,['https://data.riksdagen.se/fil/7FD34107-7748-4CE1-983F-FD1FC465A1CD'],6940,3,https://svenskforfattningssamling.se/sites/default/files/sfs/2024-02/SFS2024-88.pdf
238,2024:88,26,14d,minskad,,,sekretessbrytande mellan myndigheter,2024-04-01,"Prop. 2023/24:31, bet. 2023/24:SoU6, rskr. 2023/24:130",['2023/24:31'],False,['https://data.riksdagen.se/fil/7FD34107-7748-4CE1-983F-FD1FC465A1CD'],6940,3,https://svenskforfattningssamling.se/sites/default/files/sfs/2024-02/SFS2024-88.pdf
239,2024:88,26,15,ökad,,,inskränkt meddelarfrihet,2024-04-01,"Prop. 2023/24:31, bet. 2023/24:SoU6, rskr. 2023/24:130",['2023/24:31'],False,['https://data.riksdagen.se/fil/7FD34107-7748-4CE1-983F-FD1FC465A1CD'],6940,3,https://svenskforfattningssamling.se/sites/default/files/sfs/2024-02/SFS2024-88.pdf
240,2024:88,35,20,ökad,,70,handräckning barn i skyddat boende,2024-04-01,"Prop. 2023/24:31, bet. 2023/24:SoU6, rskr. 2023/24:130",['2023/24:31'],False,['https://data.riksdagen.se/fil/7FD34107-7748-4CE1-983F-FD1FC465A1CD'],6940,3,https://svenskforfattningssamling.se/sites/default/files/sfs/2024-02/SFS2024-88.pdf
241,2024:122,30,5,,,,överföring av sekretess till ny lag,2024-07-01,"Prop. 2023/24:8, bet. 2023/24:FiU15, rskr. 2023/24:135",['2023/24:8'],False,['https://data.riksdagen.se/fil/91F628C0-5E34-42C4-9A85-61972D36B602'],1802,1,https://svenskforfattningssamling.se/sites/default/files/sfs/2024-03/SFS2024-122.pdf
242,2024:122,30,12d,minskad,,,sekretessbrytande till clearingbolag,2024-07-01,"Prop. 2023/24:8, bet. 2023/24:FiU15, rskr. 2023/24:135",['2023/24:8'],False,['https://data.riksdagen.se/fil/91F628C0-5E34-42C4-9A85-61972D36B602'],1802,1,https://svenskforfattningssamling.se/sites/default/files/sfs/2024-03/SFS2024-122.pdf
243,2024:142,18,16,ökad,,,jakt- och vapenfrågor,2024-04-15,"Prop. 2023/24:61, bet. 2023/24:KU6, rskr. 2023/24:140",['2023/24:61'],False,['https://data.riksdagen.se/fil/53FCCBC0-780B-4BF0-A543-9BBEA2C8C625'],1871,1,https://svenskforfattningssamling.se/sites/default/files/sfs/2024-03/SFS2024-142.pdf
244,2024:191,44,4,ökad,,,inskränkt meddelarfrihet,2024-05-01,"Prop. 2023/24:60, bet. 2023/24:TU10, rskr. 2023/24:147",['2023/24:60'],False,['https://data.riksdagen.se/fil/651B8E11-0D15-4E1A-95D8-F8A6068911CC'],1627,1,https://svenskforfattningssamling.se/sites/default/files/sfs/2024-03/SFS2024-191.pdf
245,2024:225,18,7a,minskad,,40,skydd av polismans identitet,2024-04-30,"Prop. 2023/24:102, bet. 2023/24:JuU28, rskr. 2023/24:163",['2023/24:102'],False,['https://data.riksdagen.se/fil/FE06CF84-3169-4BB5-8B98-EC6B63840A4E'],2707,2,https://svenskforfattningssamling.se/sites/default/files/sfs/2024-04/SFS2024-225.pdf
246,2024:225,18,19,ökad,,,meddelarskydd gäller,2024-04-30,"Prop. 2023/24:102, bet. 2023/24:JuU28, rskr. 2023/24:163",['2023/24:102'],False,['https://data.riksdagen.se/fil/FE06CF84-3169-4BB5-8B98-EC6B63840A4E'],2707,2,https://svenskforfattningssamling.se/sites/default/files/sfs/2024-04/SFS2024-225.pdf
247,2024:225,18,7a,,,,övergångsbestämmelse,2024-04-30,"Prop. 2023/24:102, bet. 2023/24:JuU28, rskr. 2023/24:163",['2023/24:102'],False,['https://data.riksdagen.se/fil/FE06CF84-3169-4BB5-8B98-EC6B63840A4E'],2707,2,https://svenskforfattningssamling.se/sites/default/files/sfs/2024-04/SFS2024-225.pdf
248,2024:225,18,19,,,,övergångsbestämmelse,2024-04-30,"Prop. 2023/24:102, bet. 2023/24:JuU28, rskr. 2023/24:163",['2023/24:102'],False,['https://data.riksdagen.se/fil/FE06CF84-3169-4BB5-8B98-EC6B63840A4E'],2707,2,https://svenskforfattningssamling.se/sites/default/files/sfs/2024-04/SFS2024-225.pdf
249,2024:226,18,7a,,,,upphävande av lag,2029-04-30 överg.best.,"Prop. 2023/24:102, bet. 2023/24:JuU28, rskr. 2023/24:163",['2023/24:102'],False,['https://data.riksdagen.se/fil/FE06CF84-3169-4BB5-8B98-EC6B63840A4E'],804,1,https://svenskforfattningssamling.se/sites/default/files/sfs/2024-04/SFS2024-226.pdf
250,2024:233,30,25,ökad,,,överföring av sekretess kommuner läkemedelsförmån,2024-05-26,"Prop. 2023/24:66, bet. 2023/24:SoU23, rskr. 2023/24:164",['2023/24:66'],False,['https://data.riksdagen.se/fil/AD9CA2CE-36A9-46CF-9811-63029BFBC5A0'],1554,1,https://svenskforfattningssamling.se/sites/default/files/sfs/2024-04/SFS2024-233.pdf
251,2024:243,22,1b,ökad,,70,fastställande av kön,2025-07-01 överg.best.,"Bet. 2023/24:SoU22, rskr. 2023/24:158",[],False,[],2109,2,https://svenskforfattningssamling.se/sites/default/files/sfs/2024-04/SFS2024-243.pdf
252,2024:243,22,6,ökad,,,inskränkt meddelarfrihet,2025-07-01 överg.best.,"Bet. 2023/24:SoU22, rskr. 2023/24:158",[],False,[],2109,2,https://svenskforfattningssamling.se/sites/default/files/sfs/2024-04/SFS2024-243.pdf
253,2024:243,25,1,ökad,,70,fastställande av kön,2025-07-01 överg.best.,"Bet. 2023/24:SoU22, rskr. 2023/24:158",[],False,[],2109,2,https://svenskforfattningssamling.se/sites/default/files/sfs/2024-04/SFS2024-243.pdf
254,2024:273,35,20,ökad,,70,utreseförbud för barn,2024-06-01,"Prop. 2023/24:72, bet. 2023/24:SoU24, rskr. 2023/24:173",['2023/24:72'],False,['https://data.riksdagen.se/fil/6AE91326-6FE7-4843-BBDB-9E5E3D3EB93C'],1710,1,https://svenskforfattningssamling.se/sites/default/files/sfs/2024-05/SFS2024-273.pdf
255,2024:328,18,1,ökad,,40,hemliga tvångsmedel inför frihetsberövande,2024-07-01,"Prop. 2023/24:108, bet. 2023/24:JuU26, rskr. 2023/24:216",['2023/24:108'],False,['https://data.riksdagen.se/fil/4B011CD0-743C-444B-ABC7-ED8FE84A23B3'],4082,2,https://svenskforfattningssamling.se/sites/default/files/sfs/2024-05/SFS2024-328.pdf
256,2024:328,35,1,ökad,,70,hemliga tvångsmedel inför frihetsberövande,2024-07-01,"Prop. 2023/24:108, bet. 2023/24:JuU26, rskr. 2023/24:216",['2023/24:108'],False,['https://data.riksdagen.se/fil/4B011CD0-743C-444B-ABC7-ED8FE84A23B3'],4082,2,https://svenskforfattningssamling.se/sites/default/files/sfs/2024-05/SFS2024-328.pdf
257,2024:477,18,12a,ökad,,,hos MSB ritning konstruktion ang explosiva varor,2024-07-08,"Prop. 2023/24:139, bet. 2023/24:FöU12, rskr. 2023/24:275",['2023/24:139'],False,['https://data.riksdagen.se/fil/7D6502B7-C091-444D-B822-D6A5FDECBD41'],5200,3,https://svenskforfattningssamling.se/sites/default/files/sfs/2024-06/SFS2024-477.pdf
258,2024:477,18,12b,ökad,,,överföring av sekretess till andra myndigheter,2024-07-08,"Prop. 2023/24:139, bet. 2023/24:FöU12, rskr. 2023/24:275",['2023/24:139'],False,['https://data.riksdagen.se/fil/7D6502B7-C091-444D-B822-D6A5FDECBD41'],5200,3,https://svenskforfattningssamling.se/sites/default/files/sfs/2024-06/SFS2024-477.pdf
259,2024:477,18,16b,ökad,,40,tillstånd explosiva varor misstanke om krim verk,2024-07-08,"Prop. 2023/24:139, bet. 2023/24:FöU12, rskr. 2023/24:275",['2023/24:139'],False,['https://data.riksdagen.se/fil/7D6502B7-C091-444D-B822-D6A5FDECBD41'],5200,3,https://svenskforfattningssamling.se/sites/default/files/sfs/2024-06/SFS2024-477.pdf
260,2024:477,18,16c,ökad,,40,register tillstånd explosiva varor misstanke om krim,2024-07-08,"Prop. 2023/24:139, bet. 2023/24:FöU12, rskr. 2023/24:275",['2023/24:139'],False,['https://data.riksdagen.se/fil/7D6502B7-C091-444D-B822-D6A5FDECBD41'],5200,3,https://svenskforfattningssamling.se/sites/default/files/sfs/2024-06/SFS2024-477.pdf
261,2024:477,18,16d,minskad,,,sekretessbryt tilltåndshavare som utför kontroll,2024-07-08,"Prop. 2023/24:139, bet. 2023/24:FöU12, rskr. 2023/24:275",['2023/24:139'],False,['https://data.riksdagen.se/fil/7D6502B7-C091-444D-B822-D6A5FDECBD41'],5200,3,https://svenskforfattningssamling.se/sites/default/files/sfs/2024-06/SFS2024-477.pdf
262,2024:477,18,19,ökad,,,meddelarfrihet gäller ej,2024-07-08,"Prop. 2023/24:139, bet. 2023/24:FöU12, rskr. 2023/24:275",['2023/24:139'],False,['https://data.riksdagen.se/fil/7D6502B7-C091-444D-B822-D6A5FDECBD41'],5200,3,https://svenskforfattningssamling.se/sites/default/files/sfs/2024-06/SFS2024-477.pdf
263,2024:477,30,22a,ökad,,70,hos MSB ensk förh tillstånd explosiva varor,2024-07-08,"Prop. 2023/24:139, bet. 2023/24:FöU12, rskr. 2023/24:275",['2023/24:139'],False,['https://data.riksdagen.se/fil/7D6502B7-C091-444D-B822-D6A5FDECBD41'],5200,3,https://svenskforfattningssamling.se/sites/default/files/sfs/2024-06/SFS2024-477.pdf
264,2024:477,30,28,ökad,,20,kom myndighet ensk ek förh tillstånd explosiv varor,2024-07-08,"Prop. 2023/24:139, bet. 2023/24:FöU12, rskr. 2023/24:275",['2023/24:139'],False,['https://data.riksdagen.se/fil/7D6502B7-C091-444D-B822-D6A5FDECBD41'],5200,3,https://svenskforfattningssamling.se/sites/default/files/sfs/2024-06/SFS2024-477.pdf
265,2024:491,40,7e,ökad,,70,ensk förh i samband med stöd till civilsamhället,2025-01-01,"Prop. 2023/24:119, bet. 2023/24:KrU7, rskr. 2023/24:271",['2023/24:119'],False,['https://data.riksdagen.se/fil/5A1E8570-7C86-4E2D-B6CF-381C31574EB5'],1011,1,https://svenskforfattningssamling.se/sites/default/files/sfs/2024-06/SFS2024-491.pdf
266,2024:517,28,13,,,50,ny a-kasselag; ingen ändring i sak,2025-10-01 överg.best.,"Prop. 2023/24:128, bet. 2023/24:AU9, rskr. 2023/24:267",['2023/24:128'],False,['https://data.riksdagen.se/fil/2BB53700-8827-400F-9BE6-8FE5EC6F3F1B'],1924,2,https://svenskforfattningssamling.se/sites/default/files/sfs/2024-06/SFS2024-517.pdf
